Identifier;Company Name;Country of Headquarters;"ESG Score
In the last 10 FY";;;;;;;;;
;;;FY0;FY-1;FY-2;FY-3;FY-4;FY-5;FY-6;FY-7;FY-8;FY-9
ADLG.DE;Adler Real Estate AG;Germany;46,54;37,86;35,58;27,42;;;;;;
AGRG.F;AGROB Immobilien AG;Germany;;;;;;;;;;
AEE1.D;AEE Gold AG;Germany;;;;;;;;;;
AAHG.F;Ahlers AG;Germany;38,27;;;;;;;;;
ABKG.MU;Aktienbrauerei Kaufbeuren AG;Germany;;;;;;;;;;
ALXG.F;Alexanderwerk AG;Germany;;;;;;;;;;
ATWG.BE;Allerthal-Werke AG;Germany;;;;;;;;;;
ALBG.MU;Allgaeuer Brauhaus AG;Germany;;;;;;;;;;
GGS.DE;Gigaset AG;Germany;48,2;49,54;46,65;;;;;;;
BFKG.BE;Bastfaserkontor AG;Germany;;;;;;;;;;
BAYGn.DE;Bayer AG;Germany;93,28;92,29;90,73;89,12;89,65;84,4;82,92;74,95;73,85;74,65
PBBG.DE;Deutsche Pfandbriefbank AG;Germany;62,05;63,05;56,79;55,72;57,19;;;;;
BYWGnx.DE;BayWa AG;Germany;72,29;69,55;62,94;48,53;47,96;;;;;
JFBG.SG;Joh Friedrich Behrens AG;Germany;;;;;;;;;;
BEIG.DE;Beiersdorf AG;Germany;70,87;66,17;62,56;63,5;62,53;59,21;54,05;56,12;55,88;59,08
BGBG.MU;Berchtesgadener Bergbahn AG;Germany;;;;;;;;;;
ADCG.F;AdCapital AG;Germany;18,26;12,03;;;;;;;;
GBFG.DE;Bilfinger SE;Germany;68,95;63,63;70,13;68,51;70,49;71,45;63,57;69,86;60,45;53,11
BOSSn.DE;Hugo Boss AG;Germany;88,86;88,95;86,98;86,18;88,23;74,75;74,31;72,38;51,27;48,9
IPOKk.F;Heidelberger Beteiligungsholding AG;Germany;;;;;;;;;;
BLHG.F;BREMER LAGERHAUS-GESELLSCHAFT AG von 1877;Germany;57,05;45,11;;;;;;;;
BIJG.DE;Bijou Brigitte modische Accessoires AG;Germany;15,92;11;;;;;;;;
BRLG.BE;Brilliant AG;Germany;;;;;;;;;;
BBIG.F;BBI Buergerliches Brauhaus Immobilien AG;Germany;;;;;;;;;;
BBRG.SG;Buergerliches Brauhaus Ravensburg Lindau Aktiengesellschaft;Germany;;;;;;;;;;
CEAG.DE;Friwo AG;Germany;;;;;;;;;;
CBKG.DE;Commerzbank AG;Germany;80,32;78,18;70,65;69,83;73,2;69,59;62,79;67,1;66,32;68,33
CONG.DE;Continental AG;Germany;78,77;79,61;80,26;77,92;84,45;84,48;80,69;80,25;78,79;77,17
DAMG.DE;DATA MODUL Produktion und Vertrieb von elektronischen Systemen AG;Germany;19,98;17,53;;;;;;;;
DBKGn.DE;Deutsche Bank AG;Germany;89,2;85,68;85,74;85,54;80,89;81,01;76,97;76,73;81,15;83,86
DBANn.DE;Deutsche Beteiligungs AG;Germany;44,09;43,7;46,74;35,46;;;;;;
EFFG.DE;Deutsche Effecten und Wechsel Beteiligungsgesellschaft AG;Germany;;;;;;;;;;
LHAG.DE;Deutsche Lufthansa AG;Germany;77,24;70,86;70,64;76,46;73,03;72,47;67,4;65,55;69,47;66,47
DWBG.SG;Dinkelacker AG;Germany;;;;;;;;;;
DORG.D;Dorstener Maschinenfabrik AG;Germany;;;;;;;;;;
DUEG.DE;Duerr AG;Germany;72,2;65,66;47,82;36,62;30,97;30,84;28,87;28,81;;
EDDG_p.F;edding AG;Germany;44,12;27,74;;;;;;;;
EING_p.DE;Einhell Germany AG;Germany;36,46;36,05;;;;;;;;
EISG.F;Eisen und Huettenwerke AG;Germany;;;;;;;;;;
EUKG_p.F;EUROKAI GmbH & Co KgaA;Germany;15,82;17,62;11,11;5,58;;;;;;
KWGG.DE;KHD Humboldt Wedag International AG;Germany;41,42;39,99;38,92;;;;;;;
FHWG.F;Fernheizwerk Neukoelln AG;Germany;;;;;;;;;;
FDD.H;Pilkington Deutschland AG;Germany;;;;;;;;;;
FEVG.DE;Fortec Elektronik AG;Germany;;;;;;;;;;
FPE3_p.DE;Fuchs Petrolub SE;Germany;56,24;52,19;46,08;47,15;52,33;32,26;26,13;26,87;24,67;25,55
WWGG.F;Gelsenwasser AG;Germany;;;;;;;;;;
GWKGn_p.H;GAG Immobilien AG;Germany;;;;;;;;;;
ARNG.D;Arn Georg AG;Germany;;;;;;;;;;
GILG.DE;DMG Mori AG;Germany;57,18;58,29;51,45;36,68;35,57;32,11;;;;
GRFG.F;Greiffenberger AG;Germany;;;;;;;;;;
HABAn.DE;Hamborner REIT AG;Germany;51,11;40,89;32,51;29,66;;;;;;
ABHA.MU;Hasen-Immobilien AG;Germany;;;;;;;;;;
HEIG.DE;Heidelberg Materials AG;Germany;83,03;83,36;82,36;77,2;78,97;80,17;80,55;79,58;78,09;74,75
MAKG.DE;MATERNUS-Kliniken-AG;Germany;;;;;;;;;;
HNKG_p.DE;Henkel AG & Co KGaA;Germany;79,63;80,64;81,92;75,48;70,12;72,08;72,26;78,01;78,3;76,4
HNDG.F;FRoSTA AG;Germany;15,87;;;;;;;;;
HOTG.DE;Hochtief AG;Germany;87,49;88,45;88,94;84,98;84,9;86,88;89,15;81,48;78,86;73,06
HOZG.D;Philipp Holzmann AG;Germany;;;;;;;;;;
IURG.DE;Kap AG;Germany;63,04;50,56;;;;;;;;
JTH0.MU;Gesundheitswelt Chiemgau AG;Germany;;;;;;;;;;
SDFGn.DE;K&S AG;Germany;64,91;57,09;57,25;52,89;51,63;44,28;36,99;37,92;52,4;54,54
AROG.SG;Arcandor AG;Germany;66,82;70,85;43,91;48,88;28,12;47,14;29,18;;;
KWSG.DE;KWS SAAT SE & Co KgaA;Germany;61,86;61,69;47,76;49,86;46,99;;;;;
DEZG.DE;DEUTZ AG;Germany;72,13;70,04;67,18;55,81;57,99;;;;;
SKBG.DE;Koenig & Bauer AG;Germany;43,37;45,77;38,98;34,39;27,54;;;;;
KSBG.DE;KSB SE & Co KGaA;Germany;46,93;41,81;;;;;;;;
KBUG.H;TAG Colonia Immobilien AG;Germany;;;;;;;;;;
LKMG.MU;Landshuter Kunstmuehle CA Meyer`s Nachfolger AG;Germany;;;;;;;;;;
LECG.F;Lechwerke AG;Germany;;;;;;;;;;
LEIG.DE;Leifheit AG;Germany;62,28;56,26;55,57;;;;;;;
LEOGn.DE;Leoni AG;Germany;65,97;62,83;61,72;57,83;54,94;49,43;51,18;51,01;59,12;53,32
MNVG.F;Mainova AG;Germany;;;;;;;;;;
MTVG.DE;Albis Leasing AG;Germany;;;;;;;;;;
MUTG.F;Mineralbrunnen Ueberkingen-Teinach GmbH & Co KgaA;Germany;;;;;;;;;;
MUVGn.DE;Muenchener Rueckversicherungs Gesellschaft in Muenchen AG;Germany;88,96;85,32;88,94;84,41;83,11;82,48;69,96;69,87;71,97;68,56
NAKG.H;NAK Stoffe AG;Germany;;;;;;;;;;
NHB0n.MU;Nebelhornbahn-AG;Germany;;;;;;;;;;
NBHG.MU;Hoftex Group AG;Germany;33,4;31,24;;;;;;;;
NSTG.SG;Steuler Fliesengruppe AG;Germany;;;;;;;;;;
NUCG.SG;Nucletron Electronic AG;Germany;;;;;;;;;;
NLVGn.DE;Nuernberger Beteiligungs AG;Germany;;;;;;;;;;
OELG.F;ADM Hamburg AG;Germany;;;;;;;;;;
OAB0k.H;OAB Osnabruecker Anlagenund Beteiligungs-Aktiengesellschaft;Germany;;;;;;;;;;
PKBG.F;PARK & Bellheimer AG;Germany;;;;;;;;;;
PITG.F;Pittler Maschinenfabrik AG;Germany;;;;;;;;;;
PPZG.BE;Pommersche Provinzial-Zuckersiederei AG;Germany;;;;;;;;;;
PSHG_p.DE;Porsche Automobil Holding SE;Germany;18,56;15,32;11,4;9,95;11,24;7,75;3,91;7,61;11,44;17,76
TUI1n.DE;TUI AG;Germany;76,89;79,51;79,54;81,96;84,97;82,62;83,77;73,59;76,12;66,16
PWO.DE;PWO AG;Germany;54,36;45,2;;;;;;;;
KULG.MU;Kulmbacher Brauerei Aktien-Gesellschaft;Germany;;;;;;;;;;
RKBG.F;Webac Holding AG;Germany;;;;;;;;;;
RLVG.D;RheinLand Holding AG;Germany;5,01;;;;;;;;;
RHMG.DE;Rheinmetall AG;Germany;81,18;80,07;69,72;42,73;38,5;43,89;45,66;39,17;39,27;37,93
SAPG.DE;SAP SE;Germany;90,71;94,49;93,18;93,4;93,58;92,24;91,56;90,55;88,62;90,69
SSSG.D;Schulte-Schlagbaum AG;Germany;;;;;;;;;;
SCMG.F;Schumag AG;Germany;;;;;;;;;;
SBVG.SG;Schwabenverlag AG;Germany;;;;;;;;;;
SMBG.F;Schwaelbchen Molkerei Jakob Berz AG;Germany;;;;;;;;;;
SPBH.F;Sedlmayr Grund und Immobilien AG;Germany;;;;;;;;;;
SWAG.DE;Schloss Wachenheim AG;Germany;;;;;;;;;;
SIXG.DE;Sixt SE;Germany;57,63;42,3;35,91;31,45;28,81;11,57;;;;
NEPG.H;SLOMAN NEPTUN Schiffahrts-AG;Germany;;;;;;;;;;
SZGG.DE;Salzgitter AG;Germany;71,59;69,05;64,6;58,94;57,08;54,27;35,66;27,54;29,06;28,97
STGG.F;STINAG Stuttgart Invest AG;Germany;;;;;;;;;;
SSHG.F;Suedwestdeutsche Salzwerke AG;Germany;;;;;;;;;;
SZUG.DE;Suedzucker AG;Germany;68,33;62,63;53,71;48;44,18;48,24;33,64;35,43;23,32;17,01
TEGG.DE;TAG Immobilien AG;Germany;69,63;70,17;60,68;55,86;49,35;47,93;;;;
TTBG.H;Pinguin Haustechnik AG;Germany;;;;;;;;;;
HVBG.F;UeSTRA Hannoversche Verkehrsbetriebe AG;Germany;;;;;;;;;;
VAR1.DE;Varta AG;Germany;56,62;48,11;31,48;13,41;11,58;;;;;
EONGn.DE;E ON SE;Germany;76,74;73,02;70,64;74,99;74,45;68,58;77,42;78,35;79,53;82,04
VFFG.MU;Vereinigte Filzfabriken AG;Germany;;;;;;;;;;
VOWG.DE;Volkswagen AG;Germany;85,45;86,05;89,17;87,6;83,13;82,53;79,92;80,18;83,95;79,24
2HR.DE;H&R GmbH & Co KgaA;Germany;42,2;44,66;40,78;34,31;32,45;;;;;
WUG.F;Westag AG;Germany;;;;;;;;;;
WKMG.BE;WKM Terrainund Beteiligungs-Aktiengesellschaft;Germany;;;;;;;;;;
VG1.F;ECHOS Holding AG;Germany;;;;;;;;;;
WCMKk.DE;WCM Beteiligungsund Grundbesitz-AG;Germany;;;;;;;;;;
WUWGn.DE;Wuestenrot & Wuerttembergische AG;Germany;36,72;34,35;32,86;27,69;11,27;;;;;
ZILGn.DE;Elringklinger AG;Germany;55,2;52,21;41,36;46,78;47,33;49,93;53,72;54,38;40,03;42,22
ZOOG.BE;Zoologischer Garten Berlin AG;Germany;;;;;;;;;;
ZURN.S;Zurich Insurance Group AG;Switzerland;89,36;89,98;87,75;83,89;79,71;66,92;67,86;61,2;62,78;59,24
ZWM.S;Zwahlen et Mayr SA;Switzerland;;;;;;;;;;
SOON.S;Sonova Holding AG;Switzerland;85,17;88,63;84,19;83,76;80,17;76,38;67,32;66,8;64,73;50,19
CLKTF.PK;CalciTech Ltd;Switzerland;;;;;;;;;;
ARBNO.S;Arbonia AG;Switzerland;66,9;63,94;57,35;41,33;32,73;;;;;
ANFO.S;UBS (CH) Property Fd-Swiss Residential 'Anfos' CHF;Switzerland;;;;;;;;;;
GAMH.S;GAM Holding AG;Switzerland;81,55;76,72;65,05;54,71;56,43;37,56;35,13;41,35;42,05;22,77
BLKB.S;Basellandschaftliche Kantonalbank;Switzerland;48,49;46,3;39,95;;;;;;;
BSKP.S;Basler Kantonalbank;Switzerland;;;;;;;;;;
BELL.S;Bell Food Group AG;Switzerland;46,06;46,67;43,75;33,24;;;;;;
IMHE.S;Immo Helvetic;Switzerland;;;;;;;;;;
OERL.S;OC Oerlikon Corporation AG Pfaeffikon;Switzerland;75,53;59,82;53,59;47,5;47,51;47,71;46,27;48,15;46,29;49,67
CALN.S;Calida Holding AG;Switzerland;42,17;41,67;;;;;;;;
GAV.S;Carlo Gavazzi Holding AG;Switzerland;10,39;8,87;;;;;;;;
CIE.S;CI Com SA;Switzerland;;;;;;;;;;
DAE.S;Daetwyler Holding AG;Switzerland;47,51;52,5;49,71;46,99;;;;;;
DCN.S;Datacolor AG;Switzerland;45,61;12,7;;;;;;;;
EMSN.S;Ems Chemie Holding AG;Switzerland;42,7;35,52;35,47;33,41;22,2;21,85;22,48;21,2;22,8;24,08
CFR.S;Compagnie Financiere Richemont SA;Switzerland;78,34;67,47;66,66;64,85;65,29;56,83;61,04;60,99;68,38;61,56
CFT.S;Compagnie Financiere Tradition SA;Switzerland;35,02;36,14;36,51;33,44;;;;;;
GF.S;Georg Fischer AG;Switzerland;83;83,23;74,88;76,52;74,85;73,54;76,6;74,69;78,15;72,86
FHZN.S;Flughafen Zuerich AG;Switzerland;46,23;31,48;33,33;30,8;27,25;29,25;30,4;30,98;28,38;28,82
FORN.S;Forbo Holding AG;Switzerland;60,71;64,91;63,38;61,07;57,78;;;;;
APGN.S;APG SGA SA;Switzerland;36,9;38,02;42,26;36,35;20,17;;;;;
GRKP.S;Graubuendner Kantonalbank;Switzerland;;;;;;;;;;
GURN.S;Gurit Holding AG;Switzerland;78,26;71,19;54,92;41,7;22,46;;;;;
HOLN.S;Holcim AG;Switzerland;77,51;74,72;74,97;74,69;78,53;77,1;72,04;68,9;70,59;67,39
IM.S;Immofonds Immobilien AG;Switzerland;;;;;;;;;;
ISN.S;Intershop Holding AG;Switzerland;29,09;25,61;22,67;23,56;15,88;;;;;
INT.S;Credit Suisse Real Estate Fund Interswiss A;Switzerland;;;;;;;;;;
JFN.S;Jungfraubahn Holding AG;Switzerland;29,55;27,33;27,37;14,53;13,33;;;;;
BEKN.S;Berner Kantonalbank AG;Switzerland;;;;;;;;;;
KARN.S;Kardex Holding AG;Switzerland;46,99;43,1;42,03;24,79;21,21;;;;;
EDHN.S;Energiedienst Holding AG;Switzerland;;;;;;;;;;
VATN.S;Valiant Holding AG;Switzerland;52,73;49,29;45,68;41,98;45,3;47,38;42,45;45,04;50,47;44,2
LEHN.S;Lem Holding SA;Switzerland;51,88;49,46;51,19;41,96;32,53;;;;;
LISN.S;Chocoladefabriken Lindt & Spruengli AG;Switzerland;73,56;73,17;69,22;64,2;61,34;56,23;52;45,73;45,55;41,34
METG.S;Meier Tobler Group AG;Switzerland;;;;;;;;;;
METN.S;Metall Zug AG;Switzerland;34,14;32,26;28,55;46,45;45,12;;;;;
MIKN.S;Mikron Holding AG;Switzerland;24,24;18,94;;;;;;;;
GMI.S;Groupe Minoteries SA;Switzerland;;;;;;;;;;
NESN.S;Nestle SA;Switzerland;85,42;91,39;89,3;90,6;82,53;85,32;86,49;88,55;92,58;92,47
OFN.S;Orell Fuessli AG;Switzerland;36,47;27,74;17,91;13,79;;;;;;
PEDU.S;Perrot Duval Holding SA;Switzerland;;;;;;;;;;
PMN.S;Phoenix Mecano AG;Switzerland;24,73;19,23;15,82;;;;;;;
RIEN.S;Rieter Holding AG;Switzerland;55,18;65,72;59,18;57,51;50,64;36,47;36,54;29,56;29,26;34,23
ARONL.S;Arundel AG;Switzerland;4,96;5,79;4,72;;;;;;;
SCHP.S;Schindler Holding AG;Switzerland;51,23;59,45;52,78;50,24;46,08;43,58;46,8;42,38;38,7;39,76
SWTQ.S;Schweiter Technologies AG;Switzerland;44,74;43,43;41,38;34,7;23;;;;;
SFZN.S;Siegfried Holding AG;Switzerland;68,95;69,41;66,87;64,72;69,1;;;;;
SIKA.S;Sika AG;Switzerland;80,65;81,15;77,15;65,32;64,36;60,3;59,84;51,5;44,59;43,49
SIMA.S;UBS (CH) Property Fund - Swiss Mixed 'Sima' CHF;Switzerland;;;;;;;;;;
SUN.S;Sulzer AG;Switzerland;72,14;75,22;61,82;64,88;52,57;56,07;61,06;73,14;80,54;85,49
SREA.S;UBS SW Swissreal;Switzerland;;;;;;;;;;
TECN.S;Tecan Group AG;Switzerland;63,8;56,68;57,76;50,96;40,18;30,55;;;;
REHN.S;Romande Energie Holding SA;Switzerland;42;38,06;11,74;;;;;;;
VBSN.S;IVF Hartmann Holding AG;Switzerland;;;;;;;;;;
VETN.S;Vetropack Holding SA;Switzerland;47,53;49,29;44,38;37,43;31,39;;;;;
VILN.S;Villars Holding SA;Switzerland;;;;;;;;;;
ROL.S;Von Roll Holding AG;Switzerland;41,68;42,57;43,74;40,01;;;;;;
VONN.S;Vontobel Holding AG;Switzerland;69,33;65,02;63,78;67,61;60,48;;;;;
ZEHN.S;Zehnder Group AG;Switzerland;34,62;30,93;31,31;;;;;;;
BYS.S;Bystronic AG;Switzerland;54,21;32,27;32,62;27,81;;;;;;
ZUGER.S;Zuger Kantonalbank;Switzerland;;;;;;;;;;
FREG.DE;Fresenius SE & Co KGaA;Germany;82,79;82,98;75,4;73,35;63,48;43,91;46,48;51,87;44,58;47,76
SGSN.S;SGS SA;Switzerland;86,29;87,05;85,68;81,82;84,07;81,55;79,04;80,38;78,6;72,86
BMWG.DE;Bayerische Motoren Werke AG;Germany;89,82;83,68;86,83;83,88;84,14;87,1;85,84;86,28;88,37;85,81
CECG.DE;Ceconomy AG;Germany;80,56;75,29;72,26;61,52;61,82;75,52;74,82;73,28;78,25;72,84
BALN.S;Baloise Holding AG;Switzerland;42,39;41,57;44,53;44,79;42,69;45,33;50,7;51,07;50,62;46,26
RWEG.DE;RWE AG;Germany;72,65;66,09;67,45;70,95;70,56;72,22;70,92;72,82;74,29;74,48
SIEGn.DE;Siemens AG;Germany;87,32;89,44;90,38;87,92;85,5;83,84;82,46;83,52;84,5;82,86
SNBN.S;Schweizerische Nationalbank;Switzerland;27,72;28,29;26,27;25,45;22,36;18,08;;;;
INRN.S;Interroll Holding AG;Switzerland;51,84;37,02;35,07;28,52;26,77;;;;;
KOMN.S;Komax Holding AG;Switzerland;39,3;37,98;38,03;35,23;32,38;;;;;
TKAG.DE;thyssenkrupp AG;Germany;74,37;76,45;76,52;67,76;70,42;71,43;73,3;66,8;61,12;62,56
IFAG.H;Ls Invest AG;Germany;;;;;;;;;;
HRPKk.DE;7C Solarparken AG;Germany;;;;;;;;;;
WIGGk.DE;Sporttotal AG;Germany;;;;;;;;;;
LPKG.DE;LPKF Laser & Electronics SE;Germany;49,81;45,28;38,06;;;;;;;
DTEGn.DE;Deutsche Telekom AG;Germany;87,08;87,6;82,4;77,76;77,06;79,4;78,63;70,23;73,62;75,79
VHOG.BE;Value-Holdings AG;Germany;;;;;;;;;;
INHG.DE;Indus Holding AG;Germany;43,82;39,52;32,11;25,08;;;;;;
ARYN.S;Aryzta AG;Switzerland;58,33;56,88;57,05;53,77;48,38;45,81;47,01;25,9;24,04;16,62
ADEN.S;Adecco Group AG;Switzerland;73,56;73,41;69,96;64,65;67,68;70,07;72,9;65,1;68,69;71,48
ALVG.DE;Allianz SE;Germany;91,98;92,81;94,32;94,11;94,97;86,09;86,65;88,46;86,12;88,67
BASFn.DE;BASF SE;Germany;92,32;93,12;92,6;90,71;89,9;83,78;83,78;87,9;88,61;86,79
BCJ.S;Banque Cantonale Du Jura SA;Switzerland;;;;;;;;;;
EFSG.MU;Effecten-Spiegel AG;Germany;;;;;;;;;;
AIRE.S;Airesis SA;Switzerland;6,63;7,01;3,85;;;;;;;
MYMX.PK;Mymetics Corp;Switzerland;;;;;;;;;;
ZUBN.S;Zueblin Immobilien Holding AG;Switzerland;14,35;14,14;36,88;;;;;;;
PV.DE;Pfeiffer Vacuum Technology AG;Germany;56,4;46,39;36,05;17,31;;;;;;
KRNG.DE;Krones AG;Germany;54,15;54,09;47,04;45,52;46,52;;;;;
G1AG.DE;GEA Group AG;Germany;83,13;70,31;68,67;68,4;68,8;63,76;49,21;39;33,86;33,15
HBMG.H;Hornbach Baumarkt AG;Germany;55,19;58,11;54,47;49,71;;;;;;
CB.N;Chubb Ltd;Switzerland;52,07;50,56;50,5;51,59;49,31;49,14;37,59;38,09;39,56;42,52
HETAn.F;KHD Humboldt Wedag Vermoegensverwaltungs-AG;Germany;;;;;;;;;;
SATG.DE;Sartorius AG;Germany;83,21;80,2;74,41;73,22;69,76;66,7;58,02;;;
SIM0.F;Simona AG;Germany;51,08;24,66;25,03;;;;;;;
WARN.S;Warteck Invest AG;Switzerland;;;;;;;;;;
TSSG.F;InnoTec TSS AG;Germany;;;;;;;;;;
JUNG_p.DE;Jungheinrich AG;Germany;59,79;52,85;53,37;48,04;41,13;;;;;
FLEG.MU;Fleischerei Bedarf AG von 1923;Germany;;;;;;;;;;
GFTG.DE;GFT Technologies SE;Germany;65,74;58,82;44,75;45,57;;;;;;
KGRG.F;Lewag Holding AG;Germany;;;;;;;;;;
GWI2k.F;Gerry Weber International AG;Germany;66,01;51,27;48,01;45,07;51,72;41,85;52,33;26,18;32,06;
KVOG.MU;Oberstdorfer Bergbahn AG;Germany;;;;;;;;;;
RHKG.DE;Rhoen Klinikum AG;Germany;47,07;47,8;38,52;33,86;35,45;32,08;26,73;32,81;31,59;37,13
MTPG.MU;Muenchener Tierpark Hellabrunn AG;Germany;;;;;;;;;;
VOSG.DE;Vossloh AG;Germany;48,87;48,02;40,14;42,84;38,57;;;;;
SPNG.MU;Neuhof Textil-Holding AG;Germany;;;;;;;;;;
GOZGn.F;Gold Zack AG;Germany;;;;;;;;;;
BTCGk.F;Eyemaxx Real Estate AG;Germany;;;;;;;;;;
SWHGg.F;Enercity AG;Germany;;;;;;;;;;
MLPG.DE;MLP SE;Germany;65,65;61,63;50,88;47,44;43,46;28,28;40,55;32,4;31,31;36,77
MBHG_p.F;Maschinenfabrik Berthold Hermle AG;Germany;26,27;23,82;;;;;;;;
EIFG.F;MedNation AG;Germany;;;;;;;;;;
TURG.F;Turbon AG;Germany;;;;;;;;;;
VIBG_p.DE;Villeroy & Boch AG;Germany;71,12;61,98;60,75;;;;;;;
STRN.S;Schlatter Industries AG;Switzerland;;;;;;;;;;
BIOG.DE;Biotest AG;Germany;57,72;61,55;57,43;54,44;51,13;;;;;
BDTG.DE;Bertrandt AG;Germany;56,47;43,24;33,45;45,04;;;;;;
UZU.DE;Uzin Utz SE;Germany;43,32;32,29;;;;;;;;
BEAN.S;Belimo Holding AG;Switzerland;61,73;50,42;48,67;43,32;40,81;36,87;30,83;37,84;39,21;34,84
BBN.S;Bellevue Group AG;Switzerland;38,79;35,53;21,55;;;;;;;
BION.S;BB Biotech AG;Switzerland;41,77;20,77;20,66;11,18;10,82;6,65;5,85;4,87;6,41;9,5
NOVN.S;Novartis AG;Switzerland;85,26;86,39;85,55;83,2;85,15;82,99;84,24;84,3;84,46;84,7
ONE.S;One Swiss Bank SA;Switzerland;14,82;10,82;;;;;;;;
HBLN.S;Hypothekarbank Lenzburg AG;Switzerland;;;;;;;;;;
HUBN.S;Huber+Suhner AG;Switzerland;64,7;64,83;64,48;51,36;50,33;42,74;39,66;48,43;36,67;40,57
LECN.S;Leclanche SA;Switzerland;17,75;14,97;;;;;;;;
MORG.DE;MorphoSys AG;Germany;53,07;54,28;53,24;49,73;42,6;41,35;45,67;45,54;46,34;
MWBG.DE;mwb Fairtrade Wertpapierhandelsbank AG;Germany;;;;;;;;;;
NSNG.F;Neschen AG;Germany;;;;;;;;;;
CLXN.S;Crealogix Holding AG;Switzerland;26,24;25,06;20,82;;;;;;;
WKB.S;Banque Cantonale du Valais;Switzerland;;;;;;;;;;
SOL.S;SOLVALOR 61;Switzerland;;;;;;;;;;
BBHKk.F;Deutsche Balaton AG;Germany;;;;;;;;;;
MOZN.S;Mobilezone Holding AG;Switzerland;40,2;35,33;29,05;18,03;11,28;;;;;
VLRT.S;Valartis Group AG;Switzerland;19,48;21,62;17,62;;;;;;;
BOS.S;Bossard Holding AG;Switzerland;43,93;51,4;39,44;33,15;27,3;;;;;
FMEG.DE;Fresenius Medical Care AG & Co KGaA;Germany;86,42;86,72;84,13;79,68;80,14;74,18;72,72;68,92;66,43;67,55
STX50EEX.DE;iShares Core EURO STOXX 50 UCITS ETF (DE);Germany;;;;;;;;;;
SWVKk.F;SolarWorld AG;Germany;62,91;66,81;69,23;51,32;54,41;54,76;56,83;57,03;71,65;63,46
STX50EX.DE;iShares STOXX Europe 50 UCITS ETF (DE);Germany;;;;;;;;;;
SGBI.PK;Sangui Biotech International Inc;Germany;;;;;;;;;;
TIBN.S;Bergbahnen Engelberg Truebsee Titlis Bet AG;Switzerland;;;;;;;;;;
AVFP.PK;Avis Financial Corp;Switzerland;;;;;;;;;;
MBKG.DE;Merkur Privatbank KGaA;Germany;;;;;;;;;;
GDAXIEX.DE;iShares Core DAX UCITS ETF (DE);Germany;;;;;;;;;;
TLIK.DE;TELES Informationstechnologien AG;Germany;;;;;;;;;;
COP1n.DE;CompuGroup Medical SE & Co KgaA;Germany;48,09;47,67;41,38;30,52;30,24;;;;;
STLN.S;Swiss Steel Holding AG;Switzerland;51,48;49,29;50,26;44,13;46,94;;;;;
PUMG.DE;Puma SE;Germany;86,08;85,44;81,27;80,14;72,49;73,96;72,93;74,53;72,03;73,76
BEFG.F;Berliner Effektengesellschaft AG;Germany;;;;;;;;;;
BSSG.F;Beta Systems Software AG;Germany;;;;;;;;;;
STOG_p.DE;Sto SE & Co KgaA;Germany;57,96;52,38;48,38;45,91;;;;;;
ASCN.S;Ascom Holding AG;Switzerland;59,43;57,67;54,31;45,32;29,51;;;;;
KUB1G.MU;Konsortium AG;Germany;;;;;;;;;;
RMOG.D;RM Rheiner Management AG;Germany;;;;;;;;;;
IWG.L;IWG Plc;Switzerland;54,88;52,11;53,31;59,03;58,92;49,08;50,15;35,9;39,06;45,45
GMMG.DE;Grammer AG;Germany;59,46;40,7;39,51;;;;;;;
ALPN.S;Alpine Select AG;Switzerland;12,77;12,19;11,4;;;;;;;
ADNGk.DE;adesso SE;Germany;62,27;23,66;20,79;;;;;;;
CAG0n.H;Clere AG;Germany;;;;;;;;;;
EXJ.F;Readcrest Capital AG;Germany;;;;;;;;;;
HLEE.S;Highlight Event and Entertainment AG;Switzerland;9,72;10,93;7,34;;;;;;;
SFDGk.F;Softline AG;Germany;;;;;;;;;;
RSL2.DE;R Stahl AG;Germany;29,88;32,86;33,55;;;;;;;
YMSG.F;Ymos AG;Germany;;;;;;;;;;
COTNE.S;Comet Holding AG;Switzerland;59,43;49,54;46,95;28,8;22,88;;;;;
DOKA.S;Dormakaba Holding AG;Switzerland;84,96;82,39;82,02;71,54;68,66;62,06;55,07;42,21;46,23;39,71
SMWN.DE;SM Wirtschaftsberatungs AG;Germany;;;;;;;;;;
CWCG.DE;Cewe Stiftung & Co KGaA;Germany;64,2;59,53;49,27;51,37;;;;;;
IFCN.S;Inficon Holding AG;Switzerland;55,3;53,16;25,89;19,64;;;;;;
CLN.S;Clariant AG;Switzerland;80,49;79,76;80,48;76,63;77,56;76,45;76,5;68,79;68,33;66,94
JENGn.DE;Jenoptik AG;Germany;68,1;69,2;56,59;53,4;49;;;;;
SGCG.DE;SGL Carbon SE;Germany;70,12;69,5;67,51;65,68;66,77;58,63;57,62;53,96;42,47;42,95
UHR.S;Swatch Group AG;Switzerland;64,55;58,52;35,64;32,71;30,5;29,94;25,29;25,04;20,42;17,5
MBGn.DE;Mercedes Benz Group AG;Germany;92,34;93,97;93,92;93,26;93,83;91,38;92,21;93,03;90,88;94,57
EDLG.DE;Edel SE & Co KgaA;Germany;;;;;;;;;;
BMMG.F;Brueder Mannesmann AG;Germany;;;;;;;;;;
LOGN.S;Logitech International SA;Switzerland;79,77;71,4;68,69;64,31;65,18;61,68;38,06;26,55;26,86;26
LUMG.F;ais AG;Germany;;;;;;;;;;
ADVG.DE;Adtran Networks SE;Germany;72,99;76,54;70,29;69,15;74,37;;;;;
JOXG.MU;Jost AG;Germany;;;;;;;;;;
GIVG.DE;Verianos Se;Germany;;;;;;;;;;
NWXG.F;NORDWEST Handel AG;Germany;;;;;;;;;;
WSUG.DE;WashTec AG;Germany;44;32,38;20,8;18,14;;;;;;
BCGE.S;Banque Cantonale de Geneve;Switzerland;30,98;32,65;31,14;;;;;;;
HELN.S;Helvetia Holding AG;Switzerland;67,34;66,96;66,4;56,76;46,17;38,92;37,65;47,55;51,36;51,44
MSHGn.F;WASGAU Produktions & Handels AG;Germany;;;;;;;;;;
SYZG.DE;Syzygy AG;Germany;28,88;31,98;14,92;;;;;;;
UBKG.DE;Umweltbank AG;Germany;;;;;;;;;;
KNIN.S;Kuehne und Nagel International AG;Switzerland;71,32;70,59;71,17;65,97;62,85;52,05;51,17;50,69;46,03;50,64
UTDI.DE;United Internet AG;Germany;60,51;45,23;43,41;37,84;27,02;31,23;14,03;11,02;14,16;15,37
PNEGn.DE;PNE AG;Germany;33,73;34,23;25,78;27,76;;;;;;
WOLFG.DE;Meta Wolf AG;Germany;;;;;;;;;;
ALSN.S;Also Holding AG;Switzerland;38,58;40,8;20,09;13,97;;;;;;
NEKG.DE;Nemetschek SE;Germany;54,36;57,33;54,61;40,47;34,39;19,56;;;;
MXHNn.DE;MAX Automation SE;Germany;32,02;31,96;;;;;;;;
PSMGn.DE;Prosiebensat 1 Media SE;Germany;72,69;73,82;74,38;73,96;72,75;68,38;59,25;55,9;33,33;35,69
YSNG.DE;secunet Security Networks AG;Germany;57,01;52;43,77;;;;;;;
PEHG.F;PEH Wertpapier AG;Germany;;;;;;;;;;
BLMG.DE;Baader Bank AG;Germany;;;;;;;;;;
FRSG.DE;Foris AG;Germany;;;;;;;;;;
MDG1k.DE;Medigene AG;Germany;;;;;;;;;;
MRCG.DE;Merck KGaA;Germany;90,05;91,32;87,08;83,49;83,81;78,4;80,5;80,02;74,96;72,05
SLTG.H;Schaltbau Holding AG;Germany;24,95;;;;;;;;;
ELMN.S;Elma Electronic AG;Switzerland;;;;;;;;;;
IVUG.DE;IVU Traffic Technologies AG;Germany;44,39;36,75;;;;;;;;
VEHG.F;Valora Effekten Handel AG;Germany;;;;;;;;;;
DJGTEEX.DE;iShares Dow Jones Global Titans 50 (DE);Germany;;;;;;;;;;
EMHn.DE;Pferdewetten de AG;Germany;;;;;;;;;;
GMEG.DE;Geratherm Medical AG;Germany;;;;;;;;;;
HLGZ.DE;Highlight Communications AG;Switzerland;11,94;16,12;14,66;;;;;;;
AIXGn.DE;Aixtron SE;Germany;72,92;75,48;74,61;60,8;54,31;54,58;46,54;34,91;33,03;28,02
HDDG.DE;Heidelberger Druckmaschinen AG;Germany;54,1;54,66;56,2;53,01;52,62;43,77;42,46;33,16;40,41;36,55
SNGGk.DE;Singulus Technologies AG;Germany;;;;;;;;;;
TTKG.DE;Takkt AG;Germany;35,31;44,49;28,59;30,78;25,44;;;;;
FIEG.DE;Fielmann AG;Germany;53,59;55,12;50,46;42,23;41,31;37,47;22,37;27,32;21,52;22,05
PSAGn.DE;PSI Software AG;Germany;48,65;42,12;41,79;20,71;;;;;;
AMDG.DE;Amadeus Fire AG;Germany;46,01;38,51;39,57;33,89;29,71;;;;;
FNGG.F;Fritz Nols AG;Germany;;;;;;;;;;
EVTG.DE;Evotec SE;Germany;75,53;74,99;68,44;60,66;56,91;;;;;
MUMG.DE;Mensch und Maschine Software SE;Germany;21,57;21,41;11,04;;;;;;;
TEMN.S;Temenos AG;Switzerland;73,7;75,39;72,26;69;60,93;54,19;52,83;28,65;22,16;25,18
HNRGn.DE;Hannover Rueck SE;Germany;78,22;70,25;53,98;61,61;62,38;60,34;71,72;66,56;67,56;62,28
TOHN.S;Tornos Holding AG;Switzerland;15,88;14,35;13,36;;;;;;;
ADSGn.DE;Adidas AG;Germany;91,55;89,98;92,1;90,82;86,38;85,58;88,42;93,5;86,72;90,93
MGUGg.D;Magnum AG;Germany;;;;;;;;;;
IFS1.F;infas Holding AG;Germany;;;;;;;;;;
STGN.S;Starrag Group Holding AG;Switzerland;35,55;38,22;41,12;;;;;;;
EUZG.DE;Eckert & Ziegler Strahlen und Medizintechnik AG;Germany;46,74;43,37;45,11;36,36;;;;;;
RTCG.DE;Realtech AG;Germany;;;;;;;;;;
TTRGn.DE;technotrans SE;Germany;29,09;23,57;;;;;;;;
EKK1.BE;Reederei Herbert Ekkenga Aktiengesellschaft Passagierschiffahrt;Germany;;;;;;;;;;
BSLG.DE;Basler AG;Germany;46,7;30,67;33,21;22,47;28,75;;;;;
A1OS.DE;All for One Group SE;Germany;58,17;55,28;45,98;21,1;;;;;;
SGUG.F;Sino-German United AG;Germany;;;;;;;;;;
HAKG.HA;Einbecker Brauhaus AG;Germany;;;;;;;;;;
ECKG.DE;LUDWIG BECK am Rathauseck Textilhaus Feldmeier AG;Germany;;;;;;;;;;
ABAG.F;ALBA SE;Germany;;;;;;;;;;
PEHN.S;Private Equity Holding AG;Switzerland;8,37;8,74;9;8,28;5,13;;;;;
SIC.S;Swisscanto (CH) REF Responsible IFCA FA CHF;Switzerland;;;;;;;;;;
MPCKk.DE;MPC Muenchmeyer Petersen Capital AG;Germany;;;;;;;;;;
CSHG.DE;CENIT AG;Germany;48,8;54,56;21,77;;;;;;;
DTDGk.DE;B+S Banksysteme AG;Germany;;;;;;;;;;
1U1.DE;1&1 AG;Germany;71,89;63,39;44,69;34,16;38,12;24,29;;;;
SOWGn.DE;Software AG;Germany;69,24;65,37;57,8;44,04;52;38,28;53,54;45,94;47,7;41,34
EBKG.DE;EnBW Energie Baden Wuerttemberg AG;Germany;60,87;55,91;;;;;;;;
ADVN.S;Adval Tech Holding AG;Switzerland;35;13,8;10,69;;;;;;;
MFCG.H;CashMedien AG;Germany;;;;;;;;;;
SLSAn.DE;Solutiance AG;Germany;;;;;;;;;;
CEKG.DE;CeoTronics Audio Video Data Communication AG;Germany;;;;;;;;;;
CEVG.H;Centrotec SE;Germany;;;;;;;;;;
SMHNn.DE;SUESS MicroTec SE;Germany;56,29;44,91;33,28;15,37;;;;;;
BVZN.S;BVZ Holding AG;Switzerland;;;;;;;;;;
ITMG.DE;Intertainment AG;Germany;;;;;;;;;;
MUBG.DE;Muehlbauer Holding AG;Germany;;;;;;;;;;
PLEKk.F;Plenum AG;Germany;;;;;;;;;;
ELNk.F;Elanix Biotechnologies AG;Germany;;;;;;;;;;
SPTG.F;Sparta AG;Germany;;;;;;;;;;
H2OG.F;Enapter AG;Germany;;;;;;;;;;
LONN.S;Lonza Group AG;Switzerland;84,89;85,32;87,22;80,86;71,11;71,84;64,22;66,02;69,23;66,38
FTON.S;Feintool International Holding AG;Switzerland;53,85;44,76;46,01;38,08;29,56;;;;;
CPUGk.F;CPU Softwarehouse AG;Germany;;;;;;;;;;
EUXG.F;Euwax AG;Germany;;;;;;;;;;
BARN.S;Barry Callebaut AG;Switzerland;76,46;76,66;78,05;75,97;76,25;66,9;61,51;60,03;61,84;50,54
BYBKk.BE;Red Rock Capital AG;Germany;;;;;;;;;;
ESYGn.H;Easy Software AG;Germany;;;;;;;;;;
GSC1n.DE;Gesco SE;Germany;49,7;48,86;39,27;32,15;;;;;;
ACWNn.DE;AS Creation Tapeten AG;Germany;27,62;;;;;;;;;
HOC.H;Holidaycheck Group AG;Germany;;;;;;;;;;
SAHN.S;Schaffner Holding AG;Switzerland;31,44;24,22;;;;;;;;
SYTG.DE;Softing AG;Germany;;;;;;;;;;
UCA1.F;UCA AG;Germany;;;;;;;;;;
CICN.S;Cicor Technologies Ltd;Switzerland;29,92;29,92;12,92;8,35;;;;;;
HAWG.DE;Hawesko Holding SE;Germany;55,49;48,54;;;;;;;;
ECVG.DE;Encavis AG;Germany;45,13;32,16;9,16;9,43;;;;;;
STMN.S;Straumann Holding AG;Switzerland;67,92;66,82;66,53;62,65;62,15;53,79;52,12;55,39;53,09;52,39
SBSG.DE;Stratec SE;Germany;71,11;64,29;48,36;37,56;;;;;;
COKG.DE;Cancom SE;Germany;64,21;51,45;50,01;41,22;;;;;;
KUD.S;Kudelski SA;Switzerland;30,24;29,11;29,06;20,35;11,77;10,8;12,46;12,19;12,56;9,18
EIC.S;Eeii AG;Switzerland;5,1;4,58;3,15;;;;;;;
BANB.S;Bachem Holding AG;Switzerland;54,97;55,58;51,04;32,87;21,21;;;;;
MVVGn.DE;MVV Energie AG;Germany;51,93;51,79;50,04;49,82;53,08;45,89;42,27;46,31;37,32;40,24
NAFG.DE;Aurubis AG;Germany;82,17;80,71;77,54;72,51;69,38;66,2;61,22;64,13;63,02;56,47
KNRS.S;Kinarus Therapeutics Holding AG;Switzerland;6,79;4,91;;;;;;;;
AYDGn.DE;Artnet AG;Germany;;;;;;;;;;
MDNG.DE;Medion AG;Germany;;;;;;;;;;
DGRG.DE;Deutsche Grundstuecksauktionen AG;Germany;;;;;;;;;;
DEQGn.DE;Deutsche EuroShop AG;Germany;24,86;28,46;24,34;21,84;15,95;17,93;16,82;13,2;12,41;18,51
RAAG.DE;Rational AG;Germany;53,07;50,94;45,26;45,05;41,87;;;;;
SISG.DE;First Sensor AG;Germany;46,52;44,11;43,87;;;;;;;
TISG.F;Tiscon AG;Germany;;;;;;;;;;
ABBN.S;Abb Ltd;Switzerland;91,98;94,45;94,03;93,72;92,72;89,72;87,22;88,9;92,89;89,72
ZPFGn.MU;Zapf Creation AG;Germany;;;;;;;;;;
QS6A.SG;Q-Soft Verwaltungs AG;Germany;;;;;;;;;;
SPME.DE;Splendid Medien AG;Germany;;;;;;;;;;
PUS.MU;Pulsion Medical Systems SE;Germany;;;;;;;;;;
KSWG.F;KST Beteiligungs AG;Germany;;;;;;;;;;
THAGN.S;Talenthouse AG;Switzerland;;;;;;;;;;
LOUn.H;DEAG Deutsche Entertainment AG;Germany;;;;;;;;;;
CPE.S;Castle Private Equity AG;Switzerland;12,72;10,07;7,95;;;;;;;
AFRMF.PK;Alphaform AG;Germany;;;;;;;;;;
HBD1.F;Philomaxcap AG;Germany;;;;;;;;;;
2INVn.DE;2Invest AG;Germany;;;;;;;;;;
DE1n.H;Deufol SE;Germany;16,82;12,44;;;;;;;;
SURG.DE;Surteco Group SE;Germany;45,62;51,36;42,8;40,11;;;;;;
YTME.S;Youngtimers AG;Switzerland;;;;;;;;;;
SCMN.S;Swisscom AG;Switzerland;72,68;68,28;75,85;72,61;70,8;64,95;60,99;74,61;69,32;75,46
NXUG.DE;Nexus AG;Germany;53,76;53,04;40,01;;;;;;;
AFXG.DE;Carl Zeiss Meditec AG;Germany;70,29;71,74;71,8;63,19;61,65;55,24;;;;
SHSGk.F;SHS Viveon AG;Germany;;;;;;;;;;
AAQ1k.DE;Aap Implantate AG;Germany;;;;;;;;;;
DREGa.F;Deutsche Real Estate AG;Germany;;;;;;;;;;
AOFG.DE;Atoss Software AG;Germany;;;;;;;;;;
TGTG.DE;11 88 0 Solutions AG;Germany;23,03;24,49;23,23;;;;;;;
MZXG.DE;Masterflex SE;Germany;36,29;33,76;32,13;;;;;;;
AEVS.S;Aevis Victoria SA;Switzerland;13,96;19,54;17,87;;;;;;;
ICPG.F;Panamax AG;Germany;;;;;;;;;;
TTOG.F;TTL Beteiligungs und Grundbesitz AG;Germany;;;;;;;;;;
OBS.DE;Orbis Se;Germany;;;;;;;;;;
ELGG.DE;Elmos Semiconductor SE;Germany;60,33;52,82;35,23;32,48;25,01;;;;;
GEBN.S;Geberit AG;Switzerland;86,2;87,76;90,58;88,65;89,07;83,41;80,73;82,68;77,57;79,65
MONG.MU;Bloxolid AG;Switzerland;;;;;;;;;;
APME.DE;Ad Pepper Media International NV;Germany;;;;;;;;;;
RIG.N;Transocean Ltd;Switzerland;55,57;55,78;57,66;61,71;55,55;65,51;44,11;43,68;53,58;56,79
TPEG.DE;PVA TePla AG;Germany;34,55;31,86;30,57;;;;;;;
CNWk.F;CoDon AG;Germany;;;;;;;;;;
HYIG.F;Hyrican Informationssysteme AG;Germany;;;;;;;;;;
ROG.S;Roche Holding AG;Switzerland;94,42;94,41;95,06;92,81;88,97;89,23;87,48;89,34;89,7;81,09
TLVB.PA;Televerbier SA;Switzerland;;;;;;;;;;
TCUG.F;TC Unterhaltungselektronik AG;Germany;;;;;;;;;;
UUUG.DE;3U Holding AG;Germany;;;;;;;;;;
TECDAXEX.DE;iShares TecDAX® UCITS ETF (DE) EUR (Acc);Germany;;;;;;;;;;
DIEG.DE;Dierig Holding AG;Germany;;;;;;;;;;
BC8G.DE;Bechtle AG;Germany;69,19;53,41;46,08;33,45;30,35;;;;;
NC5Ak.DE;NorCom Information Technology GmbH & Co KgaA;Germany;;;;;;;;;;
VVVGn_p.DE;OEKOWORLD AG;Germany;;;;;;;;;;
ULCG.DE;United Labels AG;Germany;;;;;;;;;;
IFXGn.DE;Infineon Technologies AG;Germany;83,05;83,06;82,17;76,73;76,99;78,96;82,99;80,02;74,31;73,17
MSGL.H;Msg Life Ag;Germany;23,3;15,96;;;;;;;;
TVD6.F;German Values Property Group AG;Germany;;;;;;;;;;
EVDG.DE;Cts Eventim AG & Co KgaA;Germany;36,96;43,35;36,48;27,36;26,15;25,21;;;;
DCIGk.F;DCI Database for Commerce and Industry AG;Germany;;;;;;;;;;
MDAXIEX.DE;iShares MDAX® UCITS ETF (DE);Germany;;;;;;;;;;
CPHN.S;CPH Chemie und Papier Holding AG;Switzerland;17,36;16,67;16,35;;;;;;;
SGKN.S;St Galler Kantonalbank AG;Switzerland;6,16;2,54;3,59;;;;;;;
SQN.S;Swissquote Group Holding SA;Switzerland;57,51;48,03;50,61;20,28;22,99;;;;;
HNLG.DE;Dr Hoenle AG;Germany;27,26;28,93;18,52;;;;;;;
DPWGn.DE;Deutsche Post AG;Germany;79,54;83,55;85,55;87,09;80,12;80,3;82,87;80,36;78,1;79,5
MLLG.DE;Mueller Die lila Logistik SE;Germany;;;;;;;;;;
HYWG.BE;Hydrotec Gesellschaft fuer Wassertechnik AG;Germany;;;;;;;;;;
ALLN.S;Allreal Holding AG;Switzerland;44,69;50,3;45,95;42,4;27,96;24,3;28,83;26,46;27,14;26,15
EKTG.DE;Energiekontor AG;Germany;;;;;;;;;;
PSPN.S;PSP Swiss Property AG;Switzerland;58,1;60,64;45,38;40,3;39,66;30,54;34,99;33,56;31,19;26,42
PDAG.DE;Pro DV AG;Germany;;;;;;;;;;
SHFG.DE;SNP Schneider Neureither & Partner SE;Germany;50,98;52,29;39,81;;;;;;;
MSAG.DE;MS Industrie AG;Germany;;;;;;;;;;
ANWGn.DE;DocCheck AG;Germany;;;;;;;;;;
QBYn.DE;QBeyond AG;Germany;68,46;70;68,94;;;;;;;
SPSN.S;Swiss Prime Site AG;Switzerland;61,37;62,89;64,05;56,61;51,45;47,33;46,19;48,09;35,82;23,17
AEIGn.DE;Allgeier SE;Germany;47,05;43,03;34,18;;;;;;;
SWEGn.DE;Schweizer Electronic AG;Germany;32,03;29,93;;;;;;;;
GIVN.S;Givaudan SA;Switzerland;77,54;75,87;75,58;73,41;74,73;70,58;67,33;73,94;71,34;70,71
GLJn.DE;Grenke AG;Germany;77,44;57,09;50,01;39,49;42,13;36,2;;;;
BMPG.BE;BMP Pharma Trading AG;Germany;;;;;;;;;;
SPBG.D;Spobag AG;Germany;;;;;;;;;;
INWk.DE;GBS Software AG;Germany;;;;;;;;;;
CCBG.MU;Instant Group AG;Germany;;;;;;;;;;
WDIG.H;Wirecard AG;Germany;36,81;28,89;31,53;29,92;28,57;16,13;14,04;15,92;;
TXGN.S;TX Group AG;Switzerland;47,43;39,73;16,95;14,83;16,64;;;;;
BVB.DE;Borussia Dortmund GmbH & Co KGaA;Germany;55,1;52,92;51,1;47,18;;;;;;
PGNG.DE;Paragon GmbH & Co KGaA;Germany;23,43;;;;;;;;;
DB1Gn.DE;Deutsche Boerse AG;Germany;75,27;77,15;73,32;73,18;73,17;72,19;69,32;66,31;64,53;64,86
GRMN.N;Garmin Ltd;Switzerland;60,9;64,24;61,12;56,94;56,88;59,97;54,84;59,1;49,08;63,02
FEWG.F;Funkwerk AG;Germany;;;;;;;;;;
MEDG.DE;Mediclin AG;Germany;39,31;35,05;;;;;;;;
LSXG.DE;Ls Telcom AG;Germany;;;;;;;;;;
SSMIEX.DE;iShares SLI UCITS ETF (DE);Germany;;;;;;;;;;
OHBG.DE;OHB SE;Germany;45,85;40,87;30,9;32,96;;;;;;
NBEN.S;Nebag ag;Switzerland;;;;;;;;;;
FRAG.DE;Fraport Frankfurt Airport Services Worldwide AG;Germany;79,64;84,68;82,36;83,82;82,2;85,82;86,24;83,5;80,86;75,46
HG1G.F;Homag Group AG;Germany;;;;;;;;;;
MCHN.S;MCH Group AG;Switzerland;26,92;24,35;20,91;;;;;;;
SX7PEX.DE;iShares STOXX Europe 600 Banks UCITS ETF (DE);Germany;;;;;;;;;;
SX7EEX.DE;iShares EURO STOXX Banks 30-15 UCITS ETF (DE) Dist;Germany;;;;;;;;;;
SXDPEX.DE;Ishares Stoxx Europe 600 Health Care (De);Germany;;;;;;;;;;
SX8PEX.DE;iShares STOXX Europe 600 Technology UCITS ETF Dis;Germany;;;;;;;;;;
SXKPEX.DE;iShares STOXX Europe 600 Telecommunications (DE);Germany;;;;;;;;;;
DJIEX.DE;iShares Dow Jones Industrial Average (DE);Germany;;;;;;;;;;
IXXG.DE;init innovation in traffic systems SE;Germany;49,48;44,1;37,47;;;;;;;
LUKN.S;Luzerner Kantonalbank AG;Switzerland;13,79;14,34;15,41;12,38;;;;;;
CH227626=ZKBZ;Schilthornbahn AG;Switzerland;;;;;;;;;;
CH254156=ZKBZ;Thermalbad Zurzach AG;Switzerland;;;;;;;;;;
DLBG.SG;DLB Anlageservice AG;Germany;;;;;;;;;;
ILK1.SG;PlanetHome Investment AG;Germany;;;;;;;;;;
LAH1.MU;Interstahl Handel Holding AG;Germany;;;;;;;;;;
BUCN.S;Bucher Industries AG;Switzerland;61,3;57,23;53,95;50,3;48,53;;;;;
BI7G.MU;Beteiligungen im Baltikum AG;Germany;;;;;;;;;;
GBQG.H;GBK Beteiligungen AG;Germany;;;;;;;;;;
SHVA.DE;Shareholder Value Beteiligungen AG;Germany;;;;;;;;;;
LP60035862;Credit Suisse Real Estate Fund Siat A;Switzerland;;;;;;;;;;
RGBG.F;Regenbogen AG;Germany;;;;;;;;;;
ARLG.DE;Aareal Bank AG;Germany;72,88;73,59;73,43;69,7;71,9;67,48;60,64;60,96;54,62;55,14
SFXG.F;SOLAR FABRIK AG FUER PRODUKTION UND VERTRIEB VON SOLARTECh PROD;Germany;;;;;;;;;;
SXIPEX.DE;iShares STOXX Europe 600 Insurance UCITS ETF (DE);Germany;;;;;;;;;;
SXMPEX.DE;iShares STOXX Europe 600 Media UCITS ETF (DE);Germany;;;;;;;;;;
SXQPEX.DE;iShares STOXX Europe 600 Pers & Househld Gds (DE);Germany;;;;;;;;;;
SXRPEX.DE;iShares STOXX Europe 600 Retail UCITS ETF (DE);Germany;;;;;;;;;;
SX6PEX.DE;iShares STOXX Europe 600 Utilities UCITS ETF (DE);Germany;;;;;;;;;;
SXAPEX.DE;iShares STOXX Europe 600 Automobiles & Parts Dis;Germany;;;;;;;;;;
SXPPEX.DE;Ishares Stoxx Europe 600 Basic Resources (De);Germany;;;;;;;;;;
SX4PEX.DE;iShares STOXX Europe 600 Chemicals UCITS ETF (DE);Germany;;;;;;;;;;
SXOPEX.DE;iShares STOXX Europe 600 Constr & Materials (DE);Germany;;;;;;;;;;
SXTPEX.DE;iShares STOXX Europe 600 Travel & Leisure (DE);Germany;;;;;;;;;;
SXEPEX.DE;iShares STOXX Europe 600 Oil & Gas UCITS ETF (DE);Germany;;;;;;;;;;
SXFPEX.DE;Ishares Stoxx Europe 600 Financial Services (De);Germany;;;;;;;;;;
SX3PEX.DE;iShares STOXX Europe 600 Food & Beverage (DE);Germany;;;;;;;;;;
SXNPEX.DE;iShares STOXX Europe 600 Ind Goods & Serv (DE);Germany;;;;;;;;;;
RTVGn.F;Your Family Entertainment AG;Germany;;;;;;;;;;
SLHN.S;Swiss Life Holding AG;Switzerland;74,6;74,47;68,71;65,29;66,38;60,04;54,89;57,08;53,58;55,54
FIR.S;Fonds Immobilier Romand FIR;Switzerland;;;;;;;;;;
KURN.S;Kuros Biosciences AG;Switzerland;30,68;37,42;31,54;;;;;;;
HRUG.MU;Horus AG;Germany;;;;;;;;;;
BCVN.S;Banque Cantonale Vaudoise;Switzerland;63,07;51,05;31,91;34;28,24;25,74;23,63;26,25;25,34;31,08
PHHGn.F;Paul Hartmann AG;Germany;;;;;;;;;;
RXRGEX.DE;iShares eb.rexx(R) Government Germany (DE);Germany;;;;;;;;;;
DNIG.BE;DNI Beteiligungen AG;Germany;;;;;;;;;;
BPUG.BE;Bluepool AG;Germany;;;;;;;;;;
FAKG.BE;Falkenstein Nebenwerte AG;Germany;;;;;;;;;;
HZHG.BE;Syrakus Holding AG;Germany;;;;;;;;;;
DICn.DE;DIC Asset AG;Germany;63,9;60,16;53,68;55,57;;;;;;
RXP1EX.DE;iShares eb.rexx(R)Gov Germany 1.5-2.5 (DE) EUR Dis;Germany;;;;;;;;;;
RXP2EX.DE;iShares eb.rexx(R) Government Germany 2.5-5.5 (DE);Germany;;;;;;;;;;
RXP5EX.DE;iShares eb.rexx(R) Government Ger 5.5-10.5 (DE);Germany;;;;;;;;;;
BTBB.F;Sleepz AG;Germany;;;;;;;;;;
EROG.DE;Tmc Content Group AG;Switzerland;;;;;;;;;;
CSBGC7.S;iShares Swiss Domestic Government Bond 3-7 (CH);Switzerland;;;;;;;;;;
CSBGC0.S;iShares Swiss Domestic Government Bond 7-15 (CH);Switzerland;;;;;;;;;;
SMICHA.S;UBS ETF (CH) - SMI® (CHF) A-dis;Switzerland;;;;;;;;;;
STOXXIEX.DE;iShares STOXX Europe 600 UCITS ETF (DE);Germany;;;;;;;;;;
PZSG.DE;Scherzer & Co AG;Germany;;;;;;;;;;
BSLN.S;Basilea Pharmaceutica AG Allschwil;Switzerland;43,16;40,21;39,37;38,88;41,51;40,47;36,56;43,85;38,94;37,85
HPIG.MU;HPI AG;Germany;;;;;;;;;;
NXIG.H;Activa Resources AG;Germany;;;;;;;;;;
ECX1k.DE;Epigenomics AG;Germany;;;;;;;;;;
WBAHk.F;Wild Bunch AG;Germany;;;;;;;;;;
VMR1.F;NSI Asset AG;Germany;;;;;;;;;;
GBGGg.MU;Salvator Vermoegensverwaltungs GmbH;Germany;;;;;;;;;;
ILM1k.DE;Medios AG;Germany;;;;;;;;;;
ACT1.DE;Alzchem Group AG;Germany;47,1;31,55;22,67;;;;;;;
TAV.H;Trade & Value AG;Germany;;;;;;;;;;
OSPGk.DE;USU Software AG;Germany;47,66;41,54;;;;;;;;
XTPG.DE;sino AG;Germany;;;;;;;;;;
HEM1.F;Deutsche Cannabis AG;Germany;;;;;;;;;;
YPSN.S;Ypsomed Holding AG;Switzerland;52,98;50,86;44,09;36,35;32,02;;;;;
PS4G.H;Phoenix Solar AG;Germany;;;;;;;;;;
IS7.DE;InTiCa Systems SE;Germany;36,08;33,54;12,81;;;;;;;
HPBGn.DE;Heliad Equity Partners GmbH & Co KGaA;Germany;;;;;;;;;;
SESI.PK;SES Solar Inc;Switzerland;;;;;;;;;;
R1JKEX.DE;iShares Pfandbriefe UCITS ETF (DE);Germany;;;;;;;;;;
EMMN.S;Emmi AG;Switzerland;56,66;55,47;48,05;47,25;45,87;34,38;35,09;46,69;46,78;41,47
CSSMIM.S;iShares SMIM® ETF (CH);Switzerland;;;;;;;;;;
FZRO.PK;FlashZero Corp;Germany;;;;;;;;;;
ARTG.DE;bet-at-home.com AG;Germany;28,29;26,25;21,6;13,73;11,19;;;;;
LXSG.DE;Lanxess AG;Germany;82,55;80,88;77,88;75,29;64,57;63,48;69,08;67,24;69,06;66,69
PA8k.DE;Paion AG;Germany;;;;;;;;;;
GDAXIDBNAV.DE;Deutsche Bank Dax Dvg;Germany;;;;;;;;;;
DESN.S;Dottikon Es Holding AG;Switzerland;7,14;7,8;;;;;;;;
LCXPEX.DE;iShares STOXX Europe Large 200 UCITS ETF (DE);Germany;;;;;;;;;;
GSUKEX.DE;iShares DivDAX® (DE);Germany;;;;;;;;;;
MCXPEX.DE;iShares STOXX Europe Mid 200 (DE);Germany;;;;;;;;;;
SCXPEX.DE;iShares STOXX Europe Small 200 UCITS ETF (DE);Germany;;;;;;;;;;
SHB3.D;Schnigge Capital Markets SE;Germany;;;;;;;;;;
NDXG.DE;Nordex SE;Germany;80,51;78,97;73,6;52,24;50,01;;;;;
EVE.S;Evolva Holding SA;Switzerland;17,57;17,68;13,98;13,78;;;;;;
SD3EEX.DE;iShares EURO STOXX Select Dividend 30 UCITS ETF DE;Germany;;;;;;;;;;
SD3PEX.DE;iShares STOXX Europe Select Dividend 30 (DE);Germany;;;;;;;;;;
STOXXEEX.DE;iShares EURO STOXX UCITS ETF (DE);Germany;;;;;;;;;;
MTXGn.DE;MTU Aero Engines AG;Germany;83,18;85,39;80,21;82,23;76,58;78,11;73,87;53,05;52,28;50,22
MCEG.DE;MEDIQON Group AG;Germany;;;;;;;;;;
COR2.DE;Coreo AG;Germany;;;;;;;;;;
FFM1.H;Franconofurt AG;Germany;;;;;;;;;;
RCMN.DE;RCM Beteiligungs AG;Germany;;;;;;;;;;
CSSMI.S;iShares SMI® ETF (CH);Switzerland;;;;;;;;;;
IS8G.DE;Ifa Systems AG;Germany;;;;;;;;;;
MOBN.S;Mobimo Holding AG;Switzerland;68,06;67,82;65,77;60,26;59,88;53,74;55,78;55,66;48,27;46,83
RUCG.H;Rim AG;Germany;;;;;;;;;;
VAHN.S;Vaudoise Assurances Holding SA;Switzerland;;;;;;;;;;
ISH1k.DE;INTERSHOP Communications AG;Germany;;;;;;;;;;
O5H.F;OPENLIMIT HOLDING in Liquidation AG;Switzerland;;;;;;;;;;
SU3G.BE;Sunline AG;Germany;;;;;;;;;;
QCEG.H;Global PVQ SE;Germany;58,81;47,72;48,95;46,36;42,44;20,84;7,21;;;
HXCKk.DE;Ernst Russ AG;Germany;;;;;;;;;;
D2BAk.H;CD Deutsche Eigenheim AG;Germany;;;;;;;;;;
RXPXEX.DE;iShares eb.rexx(R) Government Germany 10.5+ (DE);Germany;;;;;;;;;;
DJDVPEX.DE;iShares Dow Jones U.S. Select Dividend (DE);Germany;;;;;;;;;;
EFGN.S;EFG International AG;Switzerland;50,05;43,98;30,27;32,32;20,91;17,52;17,17;19,74;19,43;18,43
ATXEX.DE;iShares ATX (DE);Germany;;;;;;;;;;
TIMAn.DE;ZEAL Network SE;Germany;;;;;;;;;;
LQAG.DE;Laiqon AG;Germany;;;;;;;;;;
T3T1k.DE;Seven Principles AG;Germany;;;;;;;;;;
CH1092387=BEKB;Hoher Kasten Drehrestaurant und Seilbahn AG;Switzerland;;;;;;;;;;
CH1136752=BEKB;Saastal Bergbahnen AG;Switzerland;;;;;;;;;;
CH1245763=BEKB;Plaston Holding AG Widnau;Switzerland;;;;;;;;;;
HBMN.S;HBM Healthcare Investments AG;Switzerland;17,33;16,08;16,21;9,47;;;;;;
CH131485=BEKB;Bank in Zuzwil AG;Switzerland;;;;;;;;;;
CH131837=ZKBZ;Lienhardt & Partner Privatbank Zuerich AG;Switzerland;;;;;;;;;;
CH133720=ZKBZ;Ersparniskasse Affoltern iE AG;Switzerland;;;;;;;;;;
CH134019=ZKBZ;Regiobank Maennedorf AG;Switzerland;;;;;;;;;;
CH134388=BEKB;Leihkasse Stammheim AG;Switzerland;;;;;;;;;;
CH134872=ZKBZ;Spar- und Leihkasse Bucheggberg AG;Switzerland;;;;;;;;;;
CH135011=ZKBZ;Spar- und Leihkasse Frutigen AG;Switzerland;;;;;;;;;;
CH135186=ZKBZ;Bank SLM AG;Switzerland;;;;;;;;;;
CH135292=BEKB;SB Saanen Bank AG;Switzerland;;;;;;;;;;
CH135429=BEKB;Spar und Leihkasse Wynigen AG;Switzerland;;;;;;;;;;
CH135700=BEKB;Clientis Sparkasse Oftringen Genossenschaft;Switzerland;;;;;;;;;;
CH137400=ZKBZ;Seehuegel Rueschlikon AG in Liquidation;Switzerland;;;;;;;;;;
CH1379284=BEKB;Bank Oberaargau AG;Switzerland;;;;;;;;;;
CH139553=BEKB;Suvretta Haus AG;Switzerland;;;;;;;;;;
CH140241=ZKBZ;Agruna AG;Switzerland;;;;;;;;;;
CH141821=BEKB;Aluminium Laufen AG Liesberg;Switzerland;;;;;;;;;;
CH143093=ZKBZ;Arosa Bergbahnen AG;Switzerland;;;;;;;;;;
CH145782=BEKB;Auto AG Schwyz;Switzerland;;;;;;;;;;
CH146915=BEKB;Badrutt's Palace Hotel AG;Switzerland;;;;;;;;;;
CH151450=ZKBZ;Kongresshaus Zuerich AG;Switzerland;;;;;;;;;;
CH154260=BEKB;Loewengarten AG;Switzerland;;;;;;;;;;
CH155120=BEKB;BuchsMedien AG;Switzerland;;;;;;;;;;
CH1601684=ZKBZ;Ferien und Sportzentrum Hoch Ybrig AG;Switzerland;;;;;;;;;;
CH1604988=BEKB;Patiswiss AG;Switzerland;;;;;;;;;;
KSBE.BN;Kursaal Bern AG;Switzerland;;;;;;;;;;
CH163159=ZKBZ;Compagnie de Chemin de Fer et d'Autobus Sierre Montana Crans SMC SA;Switzerland;;;;;;;;;;
CH1656888=BEKB;Bergbahnen Spluegen Tambo AG Spluegen;Switzerland;;;;;;;;;;
CH166514=ZKBZ;Dolder Hotel AG;Switzerland;;;;;;;;;;
CH170468=BEKB;Eskimo Textil AG;Switzerland;;;;;;;;;;
CH177787=ZKBZ;ebs Erdgas & Biogas AG;Switzerland;;;;;;;;;;
CH178834=BEKB;Genossenschaft Lenk Bergbahnen;Switzerland;;;;;;;;;;
CH18384120=BEKB;Bergbahnen Destination Gstaad AG;Switzerland;;;;;;;;;;
CH186552=BEKB;Heim im Bergli AG;Switzerland;;;;;;;;;;
CH193395=BEKB;Portes du Soleil Suisse SA;Switzerland;;;;;;;;;;
CH1955690=BEKB;Cresta Palace Celerina AG;Switzerland;;;;;;;;;;
CH198951=ZKBZ;Kursaal Interlaken Holding AG;Switzerland;;;;;;;;;;
CH205250=BEKB;Brunni Bahnen Engelberg AG;Switzerland;;;;;;;;;;
CH205278=BEKB;Luftseilbahn Grindelwald Pfingstegg AG;Switzerland;;;;;;;;;;
CH205291=BEKB;Luftseilbahn Jakobsbad Kronberg AG;Switzerland;;;;;;;;;;
CH205581=BEKB;Luftseilbahn Wasserauen Ebenalp AG;Switzerland;;;;;;;;;;
CH205603=BEKB;Luftseilbahn Wengen Maennlichen AG;Switzerland;;;;;;;;;;
CH205707=ZKBZ;Lyceum Alpinum Zuoz AG;Switzerland;;;;;;;;;;
CH213785=ZKBZ;Schauspielhaus Zuerich AG;Switzerland;;;;;;;;;;
CH216046=ZKBZ;Opernhaus Zuerich AG;Switzerland;;;;;;;;;;
CH217405=ZKBZ;Parkhotel Giessbach AG;Switzerland;;;;;;;;;;
CH217440=BONL;Inovil SA;Switzerland;;;;;;;;;;
CH221788=ZKBZ;Radio Zuerisee AG;Switzerland;;;;;;;;;;
CH221869=BEKB;Railtour Suisse SA;Switzerland;;;;;;;;;;
CH222130=ZKBZ;Raststaette Thurau AG;Switzerland;;;;;;;;;;
CH222133=BEKB;Gotthard Raststaette A2 Uri AG;Switzerland;;;;;;;;;;
CH222708=ZKBZ;Reishauer Beteiligungen AG;Switzerland;;;;;;;;;;
CH223437=BEKB;Rhaetische Bahn AG RhB;Switzerland;;;;;;;;;;
CH225366=BEKB;Bergbahnen Hohsaas AG;Switzerland;;;;;;;;;;
CH34142011=BEKB;Schifffahrtsgesellschaft Hallwilersee AG;Switzerland;;;;;;;;;;
CH229180=BEKB;Schweizerische Schifffahrtsgesellschaft Untersee Und Rhein AG;Switzerland;;;;;;;;;;
CH233136=BEKB;Sattel Hochstuckli AG;Switzerland;;;;;;;;;;
CH235369=BEKB;Sportbahnen Pischa AG LDP;Switzerland;;;;;;;;;;
CH237090=BEKB;Zuercher Landbank AG;Switzerland;;;;;;;;;;
CH253801=BEKB;Sursee-Triengen-Bahn AG;Switzerland;;;;;;;;;;
CH255761=BEKB;Treib Seelisberg Bahn AG;Switzerland;;;;;;;;;;
CH256969=BEKB;Tuwag Immobilien AG;Switzerland;;;;;;;;;;
CH261655=ZKBZ;Waedi Brau Huus AG;Switzerland;;;;;;;;;;
CH265550=BEKB;Zoologischer Garten Basel AG;Switzerland;;;;;;;;;;
CH265705=ZKBZ;Zuercher Engros Markthalle AG;Switzerland;;;;;;;;;;
CH342383=BEKB;Niederhornbahn AG;Switzerland;;;;;;;;;;
CH495950=BEKB;Casino de Montreux SA;Switzerland;;;;;;;;;;
CH570170=BEKB;Stoosbahnen AG;Switzerland;;;;;;;;;;
CH792565=ZKBZ;ZSC Lions AG;Switzerland;;;;;;;;;;
DKSH.S;DKSH Holding AG;Switzerland;75,55;75,51;72,73;56;49,45;24,17;21,78;9,46;11,54;
CH889504=ZKBZ;Zoo Zuerich AG;Switzerland;;;;;;;;;;
CH900597=BEKB;Pilatus Bahnen AG;Switzerland;;;;;;;;;;
CH931972=ZKBZ;Stadtcasino Baden AG;Switzerland;;;;;;;;;;
RTML.F;Camerit AG;Germany;;;;;;;;;;
MNAP.PK;MNP Petroleum Corp;Switzerland;;;;;;;;;;
N2F0k.MU;NanoFocus AG;Germany;;;;;;;;;;
VIH1n.DE;VIB Vermoegen AG;Germany;;;;;;;;;;
C1VG.DE;mVISE AG;Germany;;;;;;;;;;
CLIQ.DE;CLIQ Digital AG;Germany;;;;;;;;;;
JDC.DE;JDC Group AG;Germany;;;;;;;;;;
CH213446=ZKBZ;Savognin Bergbahnen AG;Switzerland;;;;;;;;;;
HAEk.DE;Haemato AG;Germany;;;;;;;;;;
DUFN.S;Dufry AG;Switzerland;56,37;53,47;53,16;53;36,04;36,58;31,31;30,27;29,24;23,03
VSCk.F;4Sc AG;Germany;;;;;;;;;;
C9TG.H;Hoevelrat Holding AG;Germany;;;;;;;;;;
P4OG.DE;Plan Optik AG;Germany;;;;;;;;;;
I8CKk.H;Independent Capital AG;Germany;;;;;;;;;;
LEH.F;Lehner Investments AG;Germany;;;;;;;;;;
B8AG.DE;BAVARIA Industries Group AG;Germany;;;;;;;;;;
CH652426=BEKB;Adev Wasserkraftwerk AG;Switzerland;;;;;;;;;;
CH2312421=BEKB;HBB Holding AG;Switzerland;;;;;;;;;;
CH81780=HMED;Rigi Bahnen AG;Switzerland;;;;;;;;;;
CH1110161=HMED;Transports publics fribourgeois Holding TPF SA;Switzerland;;;;;;;;;;
CH232808=HMED;Skilift AG Innereriz;Switzerland;;;;;;;;;;
CH194660=BONL;Jaquet SA;Switzerland;;;;;;;;;;
CH244291=BONL;Societe Cooperative dhabitation La Serpentine;Switzerland;;;;;;;;;;
CH245297=BONL;La Maison Ouvriere C SA;Switzerland;;;;;;;;;;
SB1G.DE;Smartbroker Holding AG;Germany;;;;;;;;;;
PGHN.S;Partners Group Holding AG;Switzerland;61,49;54,41;47,95;47,08;39,51;39,7;24,04;21,56;18,75;15,16
IR1.MU;Immovaria Real Estate AG;Germany;;;;;;;;;;
IMPN.S;Implenia AG;Switzerland;64,72;63,78;63,45;52,28;48,39;;;;;
CH233209=BEKB;Bergbahnen Brigels Waltensburg Andiast SA;Switzerland;;;;;;;;;;
PATGn.DE;Patrizia SE;Germany;55,92;60,39;52,01;42,95;36,33;;;;;
RICICHFNAV.DE;Abn Mkt Rici Chf;Germany;;;;;;;;;;
AB1.F;Air Berlin Plc;Germany;;;;;;;;;;
ZGLD.S;ZKB Gold ETF AA CHF;Switzerland;;;;;;;;;;
E4CG.DE;Ecotel Communication AG;Germany;;;;;;;;;;
WCHG.DE;Wacker Chemie AG;Germany;75,64;67,76;67,8;65,28;53,19;55,17;53,13;51,39;56,33;53,54
DWNG.DE;Deutsche Wohnen SE;Germany;83,17;76,96;67,76;71,18;71,61;53,46;47,81;48,71;38,86;39
NDXEX.DE;iShares NASDAQ-100® UCITS ETF (DE);Germany;;;;;;;;;;
DJAPSDEEX.DE;iShares Dow Jones AsPac Sel Div 50 UCITS ETF (DE);Germany;;;;;;;;;;
DJCHOS50EX.DE;iShares Dow Jones China Offshore 50 (DE);Germany;;;;;;;;;;
SUBEEX.DE;Ishares Dow Jones Euro Stoxx Sustainability AG;Germany;;;;;;;;;;
BIG1k.DE;Bio-Gate AG;Germany;;;;;;;;;;
F3CG.DE;SFC Energy AG;Germany;27,11;29,46;;;;;;;;
KCOGn.DE;Kloeckner & Co SE;Germany;66,17;56,46;51,15;48,95;50,11;51,48;47,05;46,79;47,67;46,58
MBBG.DE;MBB SE;Germany;46,41;32,79;39,36;16,8;17,45;;;;;
MT3.H;DISO Verwaltungs AG;Germany;;;;;;;;;;
V6CG.DE;Viscom AG;Germany;37,8;27,71;21,9;;;;;;;
EQSn.DE;EQS Group AG;Germany;;;;;;;;;;
BCHN.S;Burckhardt Compression Holding AG;Switzerland;47,85;40,99;40,42;29,58;;;;;;
YOCG.DE;Yoc AG;Germany;;;;;;;;;;
WACGn.DE;Wacker Neuson SE;Germany;67,34;58,05;52,36;30,23;15,8;;;;;
B5AG.H;Bauer AG;Germany;42,3;42,1;;;;;;;;
D6HG.DE;Datagroup SE;Germany;25,69;;;;;;;;;
GTYG.DE;Gateway Real Estate AG;Germany;;;;;;;;;;
A6TG.DE;Artec Technologies AG;Germany;;;;;;;;;;
CLTN.S;Coltene Holding AG;Switzerland;58;51,79;31,97;19,35;;;;;;
I7NG.F;Itn Nanovation AG;Germany;;;;;;;;;;
VVAGk.F;Vivanco Gruppe AG;Germany;;;;;;;;;;
T7RAk.H;CGift AG;Germany;;;;;;;;;;
L1A.H;Arbitrage Investment AG;Germany;;;;;;;;;;
HOCN.S;Hochdorf Holding AG;Switzerland;28,22;22,81;23,65;;;;;;;
B8FGn.DE;Biofrontera AG;Germany;;;;;;;;;;
E2NG.MU;Endor AG;Germany;;;;;;;;;;
I5Q1.F;ISC Business Technology AG;Switzerland;;;;;;;;;;
IB83EX.DE;iShares Euro Government Bond Capped 1.5-10.5yr(DE);Germany;;;;;;;;;;
AR4G.DE;AURELIUS Equity Opportunities SE & Co KgaA;Germany;35,03;27,67;19,61;23,42;;;;;;
SCIG.H;Sci AG;Germany;;;;;;;;;;
N225EX.DE;iShares Nikkei 225® UCITS ETF (DE);Germany;;;;;;;;;;
QOUG.H;Ripag AG;Germany;;;;;;;;;;
O4BG.DE;OVB Holding AG;Germany;50,01;52,95;13,53;;;;;;;
DMRE.DE;Demire Deutsche Mittelstand Real Estate AG;Germany;30,1;;;;;;;;;
R2E0k.BE;RIXX Invest AG;Germany;;;;;;;;;;
QBIG.H;Q2M Managementberatung AG;Germany;;;;;;;;;;
SREF.S;Swissinvest Real Estate Investment Fund;Switzerland;;;;;;;;;;
G7BG.F;GWB Immobilien AG;Germany;;;;;;;;;;
CE2G.DE;CropEnergies AG;Germany;53,46;57,26;51,34;;;;;;;
SREEEX.DE;iShares STOXX Europe 600 Real Estate (DE);Germany;;;;;;;;;;
M5ZG.DE;Manz AG;Germany;48,29;49,08;50,31;;;;;;;
M3Bk.DE;Pyramid AG;Germany;;;;;;;;;;
LWD.D;Ivestos AG;Germany;;;;;;;;;;
M4NG.DE;Muehlhan AG;Germany;8,92;4,54;;;;;;;;
H5EG.DE;HELMA Eigenheimbau AG;Germany;;;;;;;;;;
E8XG.DE;Elexxion AG;Germany;;;;;;;;;;
VBKG.DE;Verbio Vereinigte Bioenergie AG;Germany;56,62;57,93;53,91;45,59;30,78;;;;;
T2GG.F;Tradegate AG Wertpapierhandelsbank;Germany;;;;;;;;;;
LUS1n.DE;Lang & Schwarz AG;Germany;;;;;;;;;;
ESUN.S;Edisun Power Europe AG;Switzerland;10,68;4,78;6,75;3,44;;;;;;
A4Y.DE;Accentro Real Estate AG;Germany;;;;;;;;;;
DJCOMEX.DE;iShares Diversified Commodity Swap (DE);Germany;;;;;;;;;;
B7EG.DE;Blue Cap AG;Germany;40,96;30,71;;;;;;;;
QB7G.DE;Quirin Privatbank AG;Germany;;;;;;;;;;
HPHA.DE;Heidelberg Pharma AG;Germany;;;;;;;;;;
DEXGn.DE;Delticom AG;Germany;;;;;;;;;;
SANN.S;Santhera Pharmaceuticals Holding AG;Switzerland;16,6;17,38;;;;;;;;
MBTN.S;Meyer Burger Technology AG;Switzerland;56,5;60,37;65,83;64,72;69,43;69,02;57,37;49,72;42,73;39,24
CDZ0.MU;MHP Hotel AG;Germany;;;;;;;;;;
SY1G.DE;Symrise AG;Germany;77,8;77,28;73,85;69,02;71,49;68,6;62,97;66,62;63,46;70,76
MA10.DE;Binect AG;Germany;;;;;;;;;;
NWOn.DE;New Work SE;Germany;52,46;53,49;49,18;43,87;46,74;;;;;
M5SG.BE;MARNA Beteiligungen AG;Germany;;;;;;;;;;
NTGG.DE;Nabaltec AG;Germany;26,55;24;20,55;;;;;;;
G6PGn.DE;Going Public Media AG;Germany;;;;;;;;;;
FPHG.DE;Francotyp Postalia Holding AG;Germany;51,17;53,66;55,79;41,16;;;;;;
CY1k.F;Sbf AG;Germany;;;;;;;;;;
A8NG.MU;aovo Touristik AG;Germany;;;;;;;;;;
SEAN.BN;Swiss Estates AG;Switzerland;;;;;;;;;;
CFCG.DE;UET United Electronic Technology AG;Germany;;;;;;;;;;
T5O.DE;bioXXmed AG;Germany;;;;;;;;;;
II8.F;Secanda AG;Germany;;;;;;;;;;
NSAK.D;OTI Greentech AG;Germany;;;;;;;;;;
VG8G.DE;Varengold Bank AG;Germany;;;;;;;;;;
H2RBn.H;Halloren Schokoladenfabrik AG;Germany;;;;;;;;;;
A7AGn.DE;Finlab AG;Germany;;;;;;;;;;
APQG.D;Aquamondi AG;Germany;;;;;;;;;;
MOCI.PK;Energy Holdings Inc;Switzerland;;;;;;;;;;
AOXG.DE;alstria office REIT AG;Germany;88,7;88,1;81,07;69,29;65,1;;;;;
S4AAn.DE;SMT Scharf AG;Germany;;;;;;;;;;
EVKn.DE;Evonik Industries AG;Germany;88,84;89,12;89,04;85,88;86,95;88,23;88,08;87,31;84,01;75,86
H9YG.DE;HanseYachts AG;Germany;22,99;;;;;;;;;
V3SG.DE;Vectron Systems AG;Germany;;;;;;;;;;
VZN.S;VZ Holding AG;Switzerland;31,39;33,94;27,86;27,35;;;;;;
SKAN.S;SKAN Group AG;Switzerland;;;;;;;;;;
FNTGn.DE;freenet AG;Germany;39,89;39,32;34,47;35,33;33,89;16,95;16,72;10,19;7,52;14,94
TINCk.H;Baumot Group AG;Germany;;;;;;;;;;
IC8Gn.DE;InCity Immobilien AG;Germany;;;;;;;;;;
TEL.N;TE Connectivity Ltd;Switzerland;72,33;70,46;69,29;64,31;62,77;64,17;64,54;54,35;51,31;57,78
V3VGn.DE;Vita 34 AG;Germany;;;;;;;;;;
H9WG.DE;HWA AG;Germany;;;;;;;;;;
GXIG.DE;Gerresheimer AG;Germany;71,41;78,84;75,02;73,7;70,75;57,27;52,91;43,39;45,67;36,74
ADXN.S;Addex Therapeutics Ltd;Switzerland;17,72;22,05;22,84;19,16;16,97;11,23;6,78;11,85;16,48;9,12
DFTKn.DE;DF Deutsche Forfait AG;Germany;;;;;;;;;;
ZPAL.S;ZKB Palladium ETF AA CHF;Switzerland;;;;;;;;;;
ZPLA.S;ZKB Platinum ETF AA CHF;Switzerland;;;;;;;;;;
IVXG.DE;InVision AG;Germany;;;;;;;;;;
ST5G.DE;Steico SE;Germany;30,82;29,75;;;;;;;;
FXPO.L;Ferrexpo PLC;Switzerland;79,02;68,33;70,66;67,34;63,19;58,48;57,73;57,98;54,7;55,08
ERWE.F;ERWE Immobilien AG;Germany;;;;;;;;;;
M7UG.DE;Nynomic AG;Germany;;;;;;;;;;
ZEFG.F;Zhongde Waste Technology AG;Germany;;;;;;;;;;
MF6G.SG;Magforce AG;Germany;;;;;;;;;;
ETGG.DE;EnviTec Biogas AG;Germany;9,82;4,6;;;;;;;;
CVK.D;Diok One AG;Germany;;;;;;;;;;
SFQ.DE;Saf-Holland Se;Germany;63,16;62,33;62,11;57,42;58,2;;;;;
VVX.H;Palatium Real Estate AG;Germany;;;;;;;;;;
CSSLI.S;iShares SLI® ETF (CH);Switzerland;;;;;;;;;;
F9ZJNAV.DE;DBAG XXX3;Germany;;;;;;;;;;
F9ZKNAV.DE;DBAG XXX4;Germany;;;;;;;;;;
F9ZINAV.DE;DBAG XXX2;Germany;;;;;;;;;;
F9ZLNAV.DE;DBAG XXX5;Germany;;;;;;;;;;
F9ZHNAV.DE;DBAG XXX1;Germany;;;;;;;;;;
HHFGn.DE;Hamburger Hafen und Logistik AG;Germany;69,56;72,29;68,37;55,84;51,64;47,57;45,81;46,05;46,96;47,52
HHXG.H;HAMMONIA Schiffsholding AG;Germany;;;;;;;;;;
1NT.D;Blockchain Infrastructure Group AG;Germany;;;;;;;;;;
2GBG.DE;2G Energy AG;Germany;40,32;35,59;;;;;;;;
QCAP.BN;Q Capital AG;Switzerland;;;;;;;;;;
LLQ.S;Lalique Group SA;Switzerland;21,58;18,65;20,32;;;;;;;
HP3An.DE;Ringmetall SE;Germany;31,75;18,02;14,41;;;;;;;
FVIG.F;Fair Value REIT-AG;Germany;;;;;;;;;;
SDPN.BN;Sandpiper Digital Payments AG;Switzerland;2,56;2,05;;;;;;;;
DLXG.DE;Delignit AG;Germany;;;;;;;;;;
MBQGn.DE;Mobotix AG;Germany;;;;;;;;;;
AO9G.MU;Backbone Technology AG;Germany;;;;;;;;;;
HYQGn.DE;Hypoport SE;Germany;49,85;50,5;47,6;38,43;42,36;;;;;
CTNGk.F;Centrotherm International AG;Germany;23,2;19,65;19,38;22,78;16,31;14,24;15,19;19,58;20,6;38,03
SLICHA.S;UBS ETF (CH) SLI (CHF) A dis;Switzerland;;;;;;;;;;
MK3.D;Hande Health AG;Germany;;;;;;;;;;
UBXN.S;U Blox Holding AG;Switzerland;42,31;41,47;35,05;28,93;;;;;;
NIIGn.DE;Niiio Finance Group AG;Germany;;;;;;;;;;
3GOKk.MU;Global Oil & Gas AG;Germany;;;;;;;;;;
M3VGn.DE;Mevis Medical Solutions AG;Germany;;;;;;;;;;
NW4G.BE;Value-Holdings International AG;Germany;;;;;;;;;;
F9TCINAV.DE;Dbag Dem Inav2 Etf;Germany;;;;;;;;;;
3SQ1.F;AHT Syngas Technology NV;Germany;;;;;;;;;;
V33G.H;Vtion Wireless Technology AG;Germany;;;;;;;;;;
RUSE.S;ENR Russia Invest SA;Switzerland;8,04;9,2;9,14;;;;;;;
4DSG.DE;Daldrup & Soehne AG;Germany;;;;;;;;;;
SFPN.S;SF Urban Properties AG;Switzerland;;;;;;;;;;
FTRKk.BE;Fonterelli GmbH & Co KgaA;Germany;;;;;;;;;;
3IT.F;audius SE;Germany;;;;;;;;;;
CSLP.S;Credit Suisse Real Estate Fund LivingPlus A;Switzerland;;;;;;;;;;
BIM.S;Bonhote Immobilier SICAV - BIM;Switzerland;;;;;;;;;;
JFIGk.BE;Janosch film & medien AG;Germany;;;;;;;;;;
ETFSS4P.DE;Deka STOXX® Europe Strong Style Comp 40 UCITS ETF;Germany;;;;;;;;;;
ETFSV2P.DE;Etflab Stoxx Europe Strong Value 20;Germany;;;;;;;;;;
ETFSTOXX50E.DE;Etflab Euro Stoxx 50;Germany;;;;;;;;;;
ETFSG2P.DE;Etflab Stoxx Europe Strong Growth 20;Germany;;;;;;;;;;
ETFGDAXI.DE;Etflab Dax;Germany;;;;;;;;;;
ODHN.S;Orascom Development Holding AG;Switzerland;18,16;19,97;20,17;16,19;10,03;;;;;
4RL.BE;Advides AG;Germany;;;;;;;;;;
LKBG.F;L-KONZEPT Holding AG;Germany;;;;;;;;;;
AMMn.DE;Grounds Real Estate Development AG;Germany;;;;;;;;;;
SE3G.H;Smart Equity AG;Germany;;;;;;;;;;
ZO1G.H;Zooplus SE;Germany;49,76;50,08;50,31;;;;;;;
GKSG.DE;GK Software SE;Germany;50,42;48,87;39,85;;;;;;;
BRKN.S;Burkhalter Holding AG;Switzerland;27,56;28,03;20,78;9,12;;;;;;
MUXG.DE;Mutares SE & Co KgaA;Germany;37,58;39,24;29,36;;;;;;;
4Q5SINAV.DE;Db X Tracker Stoxx 600 Tel Short ETF;Germany;;;;;;;;;;
ETFGDAXP.DE;Deka DAX® (ausschuettend) UCITS ETF;Germany;;;;;;;;;;
ETFSD3E.DE;Etflab Euro Stoxx Select Dividend 30;Germany;;;;;;;;;;
S92G.DE;SMA Solar Technology AG;Germany;65,49;64,64;67,82;;;;;;;
SQL.BN;Matador Secondary Private Equity AG;Switzerland;;;;;;;;;;
GOG1.H;Afrika Gold AG;Switzerland;;;;;;;;;;
EBMMEX.DE;iShares eb.rexx Gov Germany 0-1yr UCITS ETF EUR D;Germany;;;;;;;;;;
ETFEULC.DE;Deka MSCI Europe LC UCITS ETF;Germany;;;;;;;;;;
ETFUSLC.DE;Deka MSCI USA LC UCITS ETF;Germany;;;;;;;;;;
ETFJPLC.DE;Deka MSCI Japan LC UCITS ETF;Germany;;;;;;;;;;
BGZG.H;Smart Grids AG;Germany;;;;;;;;;;
BEZ.DE;Berentzen Gruppe AG;Germany;62,62;46,57;;;;;;;;
ABXG.DE;Advanced Blockchain AG;Germany;;;;;;;;;;
9AUAn.D;New Meat Company AG;Germany;;;;;;;;;;
CRZKG.DE;CR Capital AG;Germany;;;;;;;;;;
UMDk.DE;UMT United Mobility Technology AG;Germany;;;;;;;;;;
NN6G.DE;NanoRepro AG;Germany;;;;;;;;;;
HMUG.DE;HMS Bergbau AG;Germany;;;;;;;;;;
MLECO.EUA;Ecolutions GmbH & Co KgaA;Germany;;;;;;;;;;
ZSILEU.S;ZKB Silver ETF AA CHF;Switzerland;;;;;;;;;;
ETFSTX5.DE;Deka STOXX Europe 50 UCITS ETF;Germany;;;;;;;;;;
ETFES13.DE;Deka iBoxx EUR Liq Sovereign Div 1-3 UCITS ETF;Germany;;;;;;;;;;
ETFES35.DE;Deka iBoxx EUR Liq Sovereign Div 3-5 UCITS ETF;Germany;;;;;;;;;;
ETFES10.DE;Deka iBoxx EUR Liq Sovereign Div 10+ UCITS ETF;Germany;;;;;;;;;;
ETFES57.DE;Deka iBoxx EUR Liq Sovereign Div 5-7 UCITS ETF;Germany;;;;;;;;;;
ETFES11.DE;Deka iBoxx EUR Liq Sovereign Div 1-10 UCITS ETF;Germany;;;;;;;;;;
ETFES71.DE;Deka iBoxx EUR Liq Sovereign Div 7-10 UCITS ETF;Germany;;;;;;;;;;
ETFGS51.DE;Deka Deutsche Boerse EUROGOV® Ger 5-10 UCITS ETF;Germany;;;;;;;;;;
ETFGS13.DE;Deka Deutsche Boerse EUROGOV® Ger 1-3 UCITS ETF;Germany;;;;;;;;;;
ETFGS11.DE;Deka Deutsche Boerse EUROGOV® Ger UCITS ETF;Germany;;;;;;;;;;
ETFGS35.DE;Deka Deutsche Boerse EUROGOV® Ger 3-5 UCITS ETF;Germany;;;;;;;;;;
ETFGSMM.DE;Deka Deutsche Boerse EUROGOV® GeMoMa UCITS ETF;Germany;;;;;;;;;;
ETFGS10.DE;Deka Deutsche Boerse EUROGOV® Ger 10+ UCITS ETF;Germany;;;;;;;;;;
SDJE50INAV.DE;Dow Jones EURO STOXX 50 Source ETF;Germany;;;;;;;;;;
S100.L;Invesco FTSE 100 UCITS ETF Acc;Germany;;;;;;;;;;
ETFDXMD.DE;Deka DAXplus® Maximum Dividend UCITS ETF;Germany;;;;;;;;;;
F9TGINAV.DE;DBAG DEMO 6 INDEX ETF;Germany;;;;;;;;;;
F9TDINAV.DE;DBAG DEMO 3 INDEX ETF;Germany;;;;;;;;;;
F9TBINAV.DE;DBAG DEMO 1 INDEX ETF;Germany;;;;;;;;;;
F9TEINAV.DE;DBAG DEMO 4 INDEX ETF;Germany;;;;;;;;;;
F9TFINAV.DE;DBAG DEMO 5 INDEX ETF;Germany;;;;;;;;;;
F9THINAV.DE;DBAG DEMO 7 INDEX ETF;Germany;;;;;;;;;;
F9TIINAV.DE;DBAG DEMO 8 INDEX ETF;Germany;;;;;;;;;;
F9TJINAV.DE;DBAG DEMO 9 INDEX ETF;Germany;;;;;;;;;;
F9TKINAV.DE;DBAG DEMO 10 INDEX;Germany;;;;;;;;;;
ZEITg.F;FC Wertmanagement GmbH;Germany;;;;;;;;;;
DBAGDM16.DE;DBAG Demo 16 ETF;Germany;;;;;;;;;;
DBAGDM15.DE;DBAG Demo 15 ETF;Germany;;;;;;;;;;
DBAGDM20.DE;DBAG Demo 20 ETF;Germany;;;;;;;;;;
DBAGDM14.DE;DBAG Demo 14 ETF;Germany;;;;;;;;;;
DBAGDM43.DE;DBAG Demo 43 ETF;Germany;;;;;;;;;;
DBAGDM25.DE;DBAG Demo 25 ETF;Germany;;;;;;;;;;
DBAGDM45.DE;DBAG Demo 45 ETF;Germany;;;;;;;;;;
DBAGDM49.DE;DBAG Demo 49 ETF;Germany;;;;;;;;;;
DBAGDM39.DE;DBAG Demo 39 ETF;Germany;;;;;;;;;;
DBAGDM21.DE;DBAG Demo 21 ETF;Germany;;;;;;;;;;
DBAGDM30.DE;DBAG Demo 30 ETF;Germany;;;;;;;;;;
DBAGDM35.DE;DBAG Demo 35 ETF;Germany;;;;;;;;;;
DBAGDM36.DE;DBAG Demo 36 ETF;Germany;;;;;;;;;;
DBAGDM50.DE;DBAG Demo 50 ETF;Germany;;;;;;;;;;
DBAGDM23.DE;DBAG Demo 23 ETF;Germany;;;;;;;;;;
DBAGDM19.DE;DBAG Demo 19 ETF;Germany;;;;;;;;;;
DBAGDM46.DE;DBAG Demo 46 ETF;Germany;;;;;;;;;;
DBAGDM33.DE;DBAG Demo 33 ETF;Germany;;;;;;;;;;
DBAGDM40.DE;DBAG Demo 40 ETF;Germany;;;;;;;;;;
DBAGDM47.DE;DBAG Demo 47 ETF;Germany;;;;;;;;;;
DBAGDM48.DE;DBAG Demo 48 ETF;Germany;;;;;;;;;;
DBAGDM34.DE;DBAG Demo 34 ETF;Germany;;;;;;;;;;
DBAGDM41.DE;DBAG Demo 41 ETF;Germany;;;;;;;;;;
DBAGDM13.DE;DBAG Demo 13 ETF;Germany;;;;;;;;;;
DBAGDM32.DE;DbAG Demo Inav32;Germany;;;;;;;;;;
DBAGDM24.DE;DBAG Demo 24 ETF;Germany;;;;;;;;;;
DBAGDM22.DE;DBAG Demo 22 ETF;Germany;;;;;;;;;;
DBAGDM18.DE;DBAG Demo 18 ETF;Germany;;;;;;;;;;
DBAGDM26.DE;DBAG Demo 26 ETF;Germany;;;;;;;;;;
DBAGDM17.DE;DBAG Demo 17 ETF;Germany;;;;;;;;;;
DBAGDM29.DE;DBAG Demo 29 ETF;Germany;;;;;;;;;;
DBAGDM27.DE;DBAG Demo 27 ETF;Germany;;;;;;;;;;
DBAGDM37.DE;DBAG Demo 37 ETF;Germany;;;;;;;;;;
DBAGDM31.DE;DBAG Demo 31 ETF;Germany;;;;;;;;;;
DBAGDM38.DE;DBAG Demo 38 ETF;Germany;;;;;;;;;;
DBAGDM42.DE;DBAG Demo 42 ETF;Germany;;;;;;;;;;
DBAGDM44.DE;DBAG Demo 44 ETF;Germany;;;;;;;;;;
NGRC.PK;National Graphite Corp;Germany;;;;;;;;;;
FTKn.DE;flatexDEGIRO AG;Germany;66,73;42,66;35,11;14,35;12,65;;;;;
ETFEUAC.DE;Deka iBoxx EUR Liquid Sovereign Diversified 5-7 UCITS ETF;Germany;;;;;;;;;;
ETFEUMC.DE;Deka MSCI Europe MC UCITS ETF;Germany;;;;;;;;;;
ETFUSAC.DE;Deka MSCI USA UCITS ETF;Germany;;;;;;;;;;
ETFUSMC.DE;Deka iBoxx EUR Liquid Sovereign Diversified 7-10 UCITS ETF;Germany;;;;;;;;;;
ETFJPAC.DE;Deka MSCI Japan UCITS ETF;Germany;;;;;;;;;;
EL45.DE;Deka MSCI Japan Climate Change ESG UCITS ETF;Germany;;;;;;;;;;
RSF.S;Realstone Swiss Property;Switzerland;;;;;;;;;;
JBGOGX.S;Swisscanto ETF PM Physical Gold A;Switzerland;;;;;;;;;;
OCTX.PK;Octagon 88 Resources Inc;Switzerland;;;;;;;;;;
1SKG.MU;Sektkellerei J Oppmann AG;Germany;;;;;;;;;;
RLFB.S;Relief Therapeutics Holding SA;Switzerland;20,06;19,83;12,17;9,6;;;;;;
ESGTI.BN;ESGTI AG;Switzerland;;;;;;;;;;
BAER.S;Julius Baer Gruppe AG;Switzerland;72,06;73,91;72,7;63,05;62,79;63,5;54,84;45,15;40,87;41,51
CSGOLD.S;iShares Gold ETF (CH);Switzerland;;;;;;;;;;
CSGLDE.S;iShares Gold EUR Hedged ETF (CH);Switzerland;;;;;;;;;;
CSGLDC.S;iShares Gold CHF Hedged ETF CH;Switzerland;;;;;;;;;;
SDGPEX.DE;iShares STOXX Global Select Dividend 100 (DE);Germany;;;;;;;;;;
HACGn.DE;KPS AG;Germany;40,28;33,82;25,75;;;;;;;
TH51.MU;Teleservice AG;Germany;;;;;;;;;;
AUCHAH.S;UBS ETF (CH) - Gold (CHF) hedged (CHF) A-dis;Switzerland;;;;;;;;;;
ETFIBOXGC.DE;Deka iBoxx EUR Liq Ger Covered Divers UCITS ETF;Germany;;;;;;;;;;
TR9G.F;Otrs AG;Germany;;;;;;;;;;
JBPAUA.S;Swisscanto ETF PM Physical Palladium A;Switzerland;;;;;;;;;;
JBPLUA.S;Swisscanto ETF PM Physical Platinum USD A;Switzerland;;;;;;;;;;
JBSIUA.S;Swisscanto ETF PM Physical Silver USD A;Switzerland;;;;;;;;;;
AUUSI.S;UBS ETF (CH) - Gold (USD) A-dis;Switzerland;;;;;;;;;;
AUEUAH.S;UBS ETF (CH) - Gold (EUR) hedged (EUR) A-dis;Switzerland;;;;;;;;;;
MUSGn.D;Murphy & Spitz Green Capital AG;Germany;;;;;;;;;;
2GI.DE;GIEAG Immobilien AG;Germany;;;;;;;;;;
ETFLCD.DE;Deka iBoxx EUR Liq Corporates Divers UCITS ETF;Germany;;;;;;;;;;
TTIGn.H;TOM TAILOR Holding SE;Germany;;;;;;;;;;
KD8Gn.H;Kabel Deutschland Holding AG;Germany;19,88;14,04;8,86;19,24;18,37;21,1;20,76;23,3;33,66;23,58
BNRGn.DE;Brenntag SE;Germany;64,42;61,8;63,44;59,83;62,49;56,53;57,04;42,06;37,6;29,1
ORON.S;Orior AG;Switzerland;62,28;54,59;61,43;46,04;42,39;;;;;
XESCINAVSEK.DE;db x-tr. Euro Stoxx 50 1C SEK ETF;Germany;;;;;;;;;;
XS7RINAVSEK.DE;db x-tr. STOXX 600 BANKS 1C SEK ETF;Germany;;;;;;;;;;
DR0G.DE;Deutsche Rohstoff AG;Germany;;;;;;;;;;
GIBG.H;GSW Immobilien AG;Germany;34,37;35,62;;;;;;;;
DBIG.F;Deutsche Biotech Innovativ AG;Germany;;;;;;;;;;
OILUSA.S;UBS (CH) Fund Solutions CMCI Oil SF ETF (USD) Adis;Switzerland;;;;;;;;;;
DRWG.DE;Draegerwerk AG & Co KGaA;Germany;72,1;73,2;70,9;68,49;56,23;;;;;
ETFCHINA.DE;Deka MSCI China ex A Shares UCITS ETF;Germany;;;;;;;;;;
ETFEMMA.DE;Deka MSCI Emerging Markets UCITS ETF;Germany;;;;;;;;;;
SAXG.DE;Stroeer SE & Co KgaA;Germany;76,7;79,81;57,84;40,14;23,11;19,55;;;;
GTK.DE;Tonkens Agrar AG;Germany;;;;;;;;;;
B9BG.F;BHB Brauholding Bayern-Mitte AG;Germany;;;;;;;;;;
IXM0482.DE;MSCI Russia ETF;Germany;;;;;;;;;;
OILCHA.S;UBS (CH) Fund Solutions CMCI Oil SF ETF (CHF) Adis;Switzerland;;;;;;;;;;
SY5N.MU;Stern Immobilien AG;Germany;;;;;;;;;;
PEAN.S;Peach Property Group AG;Switzerland;31,53;25,12;24,38;;;;;;;
FYB.DE;Formycon AG;Germany;;;;;;;;;;
MDQk.H;MediNavi AG;Germany;;;;;;;;;;
PLUSA.S;UBS ETF (CH) - Palladium (USD) A-dis;Switzerland;;;;;;;;;;
SVUSA.S;UBS ETF (CH) - Silver (USD) A-dis;Switzerland;;;;;;;;;;
HOSP.S;Credit Suisse Real Estate Fund Hospitality A;Switzerland;;;;;;;;;;
CBESG.S;UBS ETF (CH) - SBI® Corporate ESG (CHF) A-dis;Switzerland;;;;;;;;;;
CHESG.S;UBS ETF (CH)-SBI® AAA-BBB ESG (CHF) A-dis;Switzerland;;;;;;;;;;
HLAG.DE;Hapag Lloyd AG;Germany;79;61,74;69,2;65,71;67,28;63,11;;;;
PGAG.F;Pearl Gold AG;Germany;;;;;;;;;;
ECF1.DE;Mountain Alliance AG;Germany;;;;;;;;;;
MLFIR.EUA;Firstcaution SA;Switzerland;;;;;;;;;;
TLXGn.DE;Talanx AG;Germany;81,29;83,84;69,47;50,94;;;;;;
ETFFS11.DE;Deka Deutsche Boerse EUROGOV® France UCITS ETF;Germany;;;;;;;;;;
ETFLCDNF.DE;Deka iBoxx EUR Liq Non-Financials Divers UCITS ETF;Germany;;;;;;;;;;
ERRES.S;Edmond de Rothschild Real Estate SICAV;Switzerland;;;;;;;;;;
NOEJ.DE;Norma Group SE;Germany;84,12;83,47;84,16;81,22;75,11;;;;;
DARG.DE;Datron AG;Germany;;;;;;;;;;
SRFCHA.S;UBS ETF (CH) - SXI Real Estate® (CHF) A-dis;Switzerland;;;;;;;;;;
ABOG.DE;clearvise AG;Germany;;;;;;;;;;
AUTON.S;Autoneum Holding AG;Switzerland;70,96;67,68;69,35;68,42;64,24;;;;;
GLEN.L;Glencore PLC;Switzerland;89,53;88,93;91,67;90,5;90,11;91,78;89,19;88,74;84,7;82,1
FREN.S;Fundamenta Real Estate AG;Switzerland;;;;;;;;;;
SRENH.S;Swiss Re AG;Switzerland;82,69;84,56;74;72,89;68,01;65,71;76,95;75,99;79,31;74,98
SW10n.H;Shw AG;Germany;18,27;18,22;14,98;;;;;;;
AMAk.F;Altech Advanced Materials AG;Germany;;;;;;;;;;
SPMCHA.S;UBS ETF (CH) - SPI® Mid (CHF) A-dis;Switzerland;;;;;;;;;;
SPICHA.S;UBS ETF (CH) - SPI® (CHF) A-dis;Switzerland;;;;;;;;;;
MOLN.S;Molecular Partners AG;Switzerland;44,34;44,6;40,05;32,51;36,68;;;;;
LMIA.DE;Lion E Mobility AG;Switzerland;;;;;;;;;;
AMI1.F;Medondo Holding AG;Germany;;;;;;;;;;
HLE.DE;HELLA GmbH & Co KGaA;Germany;66,49;63,25;59,29;45,45;43,13;;;;;
CVTEC.ST;Cavotec SA;Switzerland;35,9;17,02;7,46;;;;;;;
BKWB.S;BKW AG;Switzerland;43,13;47,48;27,02;17,37;15,17;24,77;;;;
RGLDS.S;Raiffeisen ETF - Solid Gold A USD;Switzerland;;;;;;;;;;
WFTG.DE;Weng Fine Art AG;Germany;;;;;;;;;;
NXRG.F;NEXR Technologies SE;Germany;;;;;;;;;;
SZ50k.D;Deutsche Geothermische Immobilien AG;Germany;;;;;;;;;;
CV3.MU;Carpevigo Holding AG;Germany;;;;;;;;;;
VOLSIN.DE;Nomura Voltage Short-term Source;Germany;;;;;;;;;;
KFW1.BE;Klepper Faltbootwerft AG;Germany;;;;;;;;;;
NABG.H;Nabag AG;Germany;;;;;;;;;;
DOCM.S;DocMorris AG;Switzerland;52,07;51,25;36,57;22,75;18,99;;;;;
LO2k.H;Lotto24 AG;Germany;;;;;;;;;;
ZUGN.S;Zug Estates Holding AG;Switzerland;45,68;30,07;;;;;;;;
AD10k.MU;Auden AG;Germany;;;;;;;;;;
ML2G.F;Ming Le Sports AG;Germany;;;;;;;;;;
AB9.H;ABO Wind AG;Germany;23,61;24,13;18,45;;;;;;;
O2Dn.DE;Telefonica Deutschland Holding AG;Germany;74,35;69,32;66,76;58,25;54,95;43,89;40,99;35,96;32,2;42,6
LEON.S;Leonteq AG;Switzerland;59,24;53,13;40,18;34,41;33,89;;;;;
T3PA.DE;European Energy Exchange AG;Germany;;;;;;;;;;
FF24.DE;Fast Finance 24 Holding AG;Germany;;;;;;;;;;
LEGn.DE;LEG Immobilien SE;Germany;72,93;64,41;59,56;58,74;58,21;45,12;41,78;25,45;;
MLAAH.EUA;Amatheon Agri Holding NV;Germany;;;;;;;;;;
OSRn.H;Osram Licht AG;Germany;81,68;83,23;83,02;77,43;71,94;66,41;60,48;40,69;;
SFSN.S;SFS Group AG;Switzerland;45,02;42,41;40,24;39,06;32,88;;;;;
CCH.L;Coca Cola HBC AG;Switzerland;89,48;91,32;89,85;89,19;88,98;88,19;93,51;82,94;81;
BIIO.PK;Bionovate Technologies Corp;Switzerland;;;;;;;;;;
IS3B.DE;iShares  Corp Bond Financials UCITS ETF EUR(Dist);Germany;;;;;;;;;;
ADE.DE;Bitcoin Group SE;Germany;;;;;;;;;;
KBX.DE;Knorr Bremse AG;Germany;83,75;78,67;68,76;63,3;55,16;;;;;
KGX.DE;Kion Group AG;Germany;79,49;63,14;61,29;57,42;46,32;34,17;30,05;;;
VNAn.DE;Vonovia SE;Germany;86,3;87,89;87,74;72,32;73,84;59,01;35,7;23,78;;
ELF0.DE;Deka DAX® ex Financials 30 UCITS ETF;Germany;;;;;;;;;;
NREN.S;Novavest Real Estate AG;Switzerland;;;;;;;;;;
PU11n.DE;Social Chain AG;Germany;;;;;;;;;;
A62.DE;IGP Advantag AG;Germany;;;;;;;;;;
BST1.DE;Bastei Luebbe AG;Germany;;;;;;;;;;
VJET.OQ;Voxeljet AG;Germany;;;;;;;;;;
CMBN.S;Cembra Money Bank AG;Switzerland;63,27;62,39;61,27;57,37;49,17;49,86;37,41;;;
SWICHA.S;UBS ETF (CH)-MSCI Switzerland (CHF) A-dis;Switzerland;;;;;;;;;;
ZALG.DE;Zalando SE;Germany;72,63;74,08;84,39;79,33;73,9;68,39;69,84;42,21;;
WBIO.BN;Wockhardt Bio AG;Switzerland;5,3;5,87;;;;;;;;
CHCORP.S;iShares Core CHF Corporate Bond ETF (CH);Switzerland;;;;;;;;;;
RGLDOU.S;Raiffeisen ETF - Solid Gold Ounces A CHF;Switzerland;;;;;;;;;;
TKBP.S;Thurgauer Kantonalbank;Switzerland;;;;;;;;;;
HIAG.S;HIAG Immobilien Holding AG;Switzerland;31,51;30,09;21,11;;;;;;;
ELF1.DE;Deka MDAX® UCITS ETF;Germany;;;;;;;;;;
AM3D.DE;SLM Solutions Group AG;Germany;40,89;36,64;36,7;16,03;19,24;;;;;
CHDVD.S;iShares Swiss Dividend ETF (CH);Switzerland;;;;;;;;;;
CHSPI.S;iShares Core SPI® ETF (CH);Switzerland;;;;;;;;;;
STM1.DE;Stabilus SE;Germany;62,9;49,78;44,72;37,72;;;;;;
GLKBN.S;Glarner Kantonalbank;Switzerland;;;;;;;;;;
S0E1g.F;Dr Wiesent Sozial gemeinnuetzige GmbH;Germany;;;;;;;;;;
WIZZ.L;Wizz Air Holdings PLC;Switzerland;60,36;58,82;45,76;33,12;36,52;32,99;19,86;16,45;;
CISg.D;Calvatis GmbH;Germany;;;;;;;;;;
FEOIb.ST;Fenix Outdoor International AG;Switzerland;36,03;36,07;;;;;;;;
AFMD.OQ;Affimed NV;Germany;29,87;32,42;20,44;4,45;;;;;;
FKEK.F;Defraq Ventures AG;Germany;;;;;;;;;;
DDM.ST;DDM Holding AG;Switzerland;17,37;18,19;18,64;7,8;;;;;;
GALE.S;Galenica AG;Switzerland;66,69;66,54;67,18;61,92;66,56;56,72;;;;
93M1k.DE;MPH Health Care AG;Germany;;;;;;;;;;
RKET.H;Rocket Internet SE;Germany;19,88;14,41;17,29;;;;;;;
VVY.AS;Vivoryon Therapeutics NV;Germany;;;;;;;;;;
APN.BN;AP Alternative Portfolio AG;Switzerland;10,19;8,21;;;;;;;;
TLGG.H;TLG Immobilien AG;Germany;28,05;29,82;;;;;;;;
UBSG.S;UBS Group AG;Switzerland;88,8;90,52;90,18;90,83;90,92;91,38;82,62;79,85;88,44;86,15
0J8ZINAV.DE;Deka MSCI Europe ex EMU UCITS ETF;Germany;;;;;;;;;;
ZSMLINAV=SOLA;Zacks Earnings Small-Cap U.S. Index Fund ETF;Germany;;;;;;;;;;
TC1n.H;Tele Columbus AG;Germany;28,95;24,05;;;;;;;;
SD1n.F;Clean Logistics SE;Germany;;;;;;;;;;
ELF5.DE;Deka MSCI Europe ex EMU UCITS ETF;Germany;;;;;;;;;;
IQL.DE;iQ International AG;Switzerland;;;;;;;;;;
LNSX.F;Allane SE;Germany;29,96;30,39;24,28;23,2;23,34;;;;;
BRKO.PK;Broke Out Inc;Germany;;;;;;;;;;
PALG.DE;Pantaflix AG;Germany;;;;;;;;;;
DG6.H;DG Gruppe AG;Germany;;;;;;;;;;
FC9.DE;FCR Immobilien AG;Germany;;;;;;;;;;
NB2.DE;Northern Data AG;Germany;;;;;;;;;;
PBYG.DE;Publity AG;Germany;;;;;;;;;;
PLANZ.S;Plazza AG;Switzerland;;;;;;;;;;
MSU.MI;Mondo TV Suisse SA;Switzerland;;;;;;;;;;
ELFA.DE;Deka EURO STOXX 50 ESG Filtered UCITS ETF;Germany;;;;;;;;;;
WDL1k.F;Windeln.de SE;Germany;;;;;;;;;;
RY8.F;ROY Asset Holding SE;Germany;;;;;;;;;;
ELBG.DE;elumeo SE;Germany;;;;;;;;;;
WAFGn.DE;Siltronic AG;Germany;57,32;59,98;61,52;56,98;46,44;47,96;;;;
EBSG.H;Elbstein AG;Germany;;;;;;;;;;
SGFn.DE;SGT German Private Equity GmbH & Co KgaA;Germany;;;;;;;;;;
ELFB.DE;Deka Oekom Euro Nachhaltigkeit UCITS ETF;Germany;;;;;;;;;;
MLHK.EUA;H&K AG;Germany;;;;;;;;;;
ELFC.DE;Deka EURO iSTOXX ex Fin Dividend+ UCITS ETF;Germany;;;;;;;;;;
M12.DE;M1 Kliniken AG;Germany;;;;;;;;;;
1COV.DE;Covestro AG;Germany;81,13;78;76,72;74,9;73,41;68,53;66,4;52,45;;
G24n.DE;Scout24 SE;Germany;68,19;72,38;71,46;55,01;54,53;39,75;31,84;;;
MRXG.DE;Mister Spex SE;Germany;;;;;;;;;;
SHA_p.DE;Schaeffler AG;Germany;79,97;76,94;66,52;62,54;47,44;42,92;37,37;;;
HBH.DE;HORNBACH Holding AG & Co KgaA;Germany;55,35;57,82;57,66;;;;;;;
AVES.H;Aves One AG;Germany;;;;;;;;;;
ALTME.PA;TME Pharma NV;Germany;;;;;;;;;;
EADG.DE;Erlebnis Akademie AG;Germany;;;;;;;;;;
ELFD.DE;Deka Eurozone Rendite Plus 1-10 UCITS ETF;Germany;;;;;;;;;;
ED4.DE;EDAG Engineering Group AG;Switzerland;50,64;48,9;44,67;34,54;;;;;;
E903.DE;Lyxor 1 DivDAX® DR UCITS ETF (I);Germany;;;;;;;;;;
E907.DE;Lyxor 1 MDAX ESG UCITS ETF (I);Germany;;;;;;;;;;
DKG.DE;Deutsche Konsum REIT-AG;Germany;;;;;;;;;;
ETEG.D;Ekotechnika AG;Germany;10,84;6,67;;;;;;;;
HSRN.H;HelveticStar Holding AG in Liquidation;Switzerland;;;;;;;;;;
BNNn.DE;BRAIN Biotech AG;Germany;;;;;;;;;;
GNRO.PA;Geneuro SA;Switzerland;17,8;18,03;20,26;;;;;;;
VACN.S;VAT Group AG;Switzerland;42,17;35,46;31,4;20,62;15,87;;;;;
WIHN.S;Wisekey International Holding AG;Switzerland;18,26;16,47;15,02;;;;;;;
5NB.D;Novetum AG;Germany;;;;;;;;;;
NMIG.D;Aladdin Healthcare Technologies SE;Germany;;;;;;;;;;
F701.DE;Lyxor Portfolio Strategy UCITS ETF;Germany;;;;;;;;;;
0GM.D;graceNT AG;Switzerland;;;;;;;;;;
TALKP.ST;TalkPool AG;Switzerland;20,35;13,76;12,86;;;;;;;
3330k.F;Decheng Technology AG;Germany;;;;;;;;;;
IREN.S;Investis Holding SA;Switzerland;21,69;16,58;14,83;10,58;10,55;;;;;
DBI.VI;Dr Bock Industries AG;Germany;;;;;;;;;;
DEF.DE;Defama Deutsche Fachmarkt AG;Germany;;;;;;;;;;
ACIU.OQ;AC Immune SA;Switzerland;37,98;34,78;;;;;;;;
U1DA.F;Finchain Capital Partners AG;Germany;;;;;;;;;;
UN01.DE;Uniper SE;Germany;67,43;63,5;62,89;64,93;65,31;50,03;;;;
VQTG.DE;va Q tec AG;Germany;43,18;17,68;;;;;;;;
R1B.DE;Rubean AG;Germany;;;;;;;;;;
CRSP.OQ;CRISPR Therapeutics AG;Switzerland;43,64;49,51;36,62;;;;;;;
E908.DE;Lyxor 1 TecDAX (DR) UCITS ETF (I);Germany;;;;;;;;;;
TRVG.OQ;Trivago NV;Germany;43,68;41,26;32,24;;;;;;;
VARN.S;Varia US Properties AG;Switzerland;29,18;15,22;13,51;;;;;;;
PCZ.DE;ProCredit Holding AG & Co KGaA;Germany;73,29;70,59;62,34;51,77;;;;;;
G4B.H;Good Brands AG;Germany;;;;;;;;;;
VRL.DE;Net Digital AG;Germany;;;;;;;;;;
OBSN.S;Obseva SA;Switzerland;31,63;34,34;;;;;;;;
AAGG.DE;Aumann AG;Germany;34,57;25,28;22;16,97;16,13;;;;;
SYMS.PA;Symetis SA;Switzerland;;;;;;;;;;
IBU.DE;IBU-tec advanced materials AG;Germany;;;;;;;;;;
0W6K.L;Consus Real Estate AG;Germany;3,66;4,49;;;;;;;;
DHER.DE;Delivery Hero SE;Germany;81,34;82,65;82,41;69,26;60,13;48,31;;;;
TBX0.F;Tick Trading Software AG;Germany;;;;;;;;;;
VAO.F;Vapiano SE;Germany;;;;;;;;;;
N4G.DE;Naga Group AG;Germany;;;;;;;;;;
IDIA.S;Idorsia Ltd;Switzerland;78,23;74,05;75,16;51,14;51,85;;;;;
NUVG.DE;Noratis AG;Germany;;;;;;;;;;
B4B.DE;METRO AG;Germany;72,48;72,5;68,3;55,14;52,89;56,77;;;;
JST.DE;Jost Werke SE;Germany;61,97;63,26;52,22;41,34;41,77;;;;;
LANDI.S;Landis+Gyr Group AG;Switzerland;73,4;66,34;61,02;41,68;;;;;;
VBX.DE;Voltabox AG;Germany;;;;;;;;;;
UPFE.S;UBS Fund Management Switzerland AG;Switzerland;;;;;;;;;;
M0YNn.DE;Mynaric AG;Germany;;;;;;;;;;
IFRX.OQ;InflaRx NV;Germany;;;;;;;;;;
MAXIMA.BN;Promaxima Immobilien AG;Switzerland;;;;;;;;;;
HFGG.DE;Hellofresh SE;Germany;79,25;67,87;46,6;40,05;;;;;;
LOV.OQ;Spark Networks SE;Germany;;;;;;;;;;
ADMI.BN;Admicasa Holding AG;Switzerland;;;;;;;;;;
PH6.F;Philion SE;Germany;;;;;;;;;;
S9I.DE;Stemmer Imaging AG;Germany;;;;;;;;;;
INS2.DE;Instone Real Estate Group SE;Germany;60,37;60,8;49,56;;;;;;;
SHLG.DE;Siemens Healthineers AG;Germany;79,29;80,83;78,22;77,28;76,05;;;;;
L03Ag.MU;LHI Palaimon GmbH;Germany;;;;;;;;;;
MB7.MU;Hydrogen Fuel and EV Charge Solutions AG;Germany;;;;;;;;;;
DMPG.DE;Dermapharm Holding SE;Germany;48,43;46,75;41,03;;;;;;;
RORG.D;SunMirror AG;Switzerland;;;;;;;;;;
SENIO.BN;SenioResidenz AG;Switzerland;;;;;;;;;;
UDCG.DE;UniDevice AG;Germany;;;;;;;;;;
DWSG.DE;DWS Group GmbH & Co KgaA;Germany;64,16;62,29;51,61;40,54;;;;;;
SENSI.S;Sensirion Holding AG;Switzerland;53,58;47,13;38,6;24,8;;;;;;
ASWN.S;Asmallworld AG;Switzerland;13,04;11,43;4,26;;;;;;;
MEDA.S;Medartis Holding AG;Switzerland;55,33;43,57;40,2;32,82;23,65;;;;;
CYR.DE;Cyan AG;Germany;;;;;;;;;;
SJJG.DE;Serviceware SE;Germany;28,32;26,68;18,6;;;;;;;
SPEXN.S;Spexis AG;Switzerland;19,55;18,53;22,88;;;;;;;
Z29.DE;029 Group SE;Germany;;;;;;;;;;
SF3.DE;STS Group AG;Germany;17,28;19,64;14,5;;;;;;;
NFN.DE;Nfon AG;Germany;;;;;;;;;;
HHHAk.MU;Homes & Holiday AG;Germany;;;;;;;;;;
CPXG.DE;Capsensixx AG;Germany;;;;;;;;;;
H24.DE;Home24 SE;Germany;63,16;46,99;47,7;;;;;;;
IRPA.H;Lodgyslife AG;Germany;;;;;;;;;;
KLIN.S;Klingelnberg AG;Switzerland;18,35;18,39;15,4;;;;;;;
MMM.AX;Marley Spoon SE;Germany;41,19;37,14;;;;;;;;
GB.N;Global Blue Group Holding Ltd;Switzerland;25,94;25,62;;;;;;;;
CSQG.DE;Creditshelf AG;Germany;;;;;;;;;;
PRO.BN;Procimmo Group AG;Switzerland;;;;;;;;;;
TRUG.DE;Traumhaus AG;Germany;;;;;;;;;;
NF4.DE;Netfonds AG;Germany;;;;;;;;;;
GTX.OQ;Garrett Motion Inc;Switzerland;80,39;65,68;49,74;45,72;;;;;;
LHG4g.MU;LHI Portunus I Genuesse-GmbH;Germany;;;;;;;;;;
SIGNC.S;SIG Group AG;Switzerland;88,76;84,46;73,48;65,58;66,15;;;;;
8TRA.DE;Traton SE;Germany;50,11;33,71;25,9;;;;;;;
WEW.DE;Westwing Group SE;Germany;55,29;41,47;28,39;;;;;;;
LIK.DE;Limes Schlosskliniken AG;Germany;;;;;;;;;;
DFV.DE;DFV Deutsche Familienversicherung AG;Germany;;;;;;;;;;
IMTX.OQ;Immatics NV;Germany;;;;;;;;;;
EBE.DE;Aifinyo AG;Germany;;;;;;;;;;
PAGn.DE;PREOS Global Office Real Estate & Technology AG;Germany;;;;;;;;;;
BALG.VI;BAL Germany AG;Germany;;;;;;;;;;
A7K.D;Hbi-Hyperion Se;Germany;;;;;;;;;;
TUFG.F;RAVENO Capital AG;Germany;;;;;;;;;;
SRAIL.S;Stadler Rail AG;Switzerland;42,27;36,69;32,4;15,79;;;;;;
MOVE.S;Medacta Group SA;Switzerland;64,52;58,17;44,4;36,04;;;;;;
JMIA.N;Jumia Technologies AG;Germany;54,4;52,95;0,96;;;;;;;
ALCC.S;Alcon AG;Switzerland;73,76;68,29;67,97;27,85;;;;;;
3D6.DE;Avemio AG;Germany;;;;;;;;;;
AFPD.S;Aluflexpack AG;Switzerland;33,38;33,33;23,83;;;;;;;
S6P.F;Spielvereinigung Unterhaching Fussball GmbH & Co KgaA;Germany;;;;;;;;;;
MERV.VI;MERIDIANA Blockchain Ventures SE;Germany;;;;;;;;;;
ABT1.D;Advanced Bitcoin Technologies AG;Germany;;;;;;;;;;
ULTIMA.BN;Ultima Capital SA;Switzerland;;;;;;;;;;
ADCT.N;ADC Therapeutics SA;Switzerland;45;29,84;;;;;;;;
TMV.DE;TeamViewer SE;Germany;64,87;70,55;69,58;44,5;;;;;;
BNTX.OQ;BioNTech SE;Germany;85,48;85,23;74,19;;;;;;;
XLS.S;Xlife Sciences AG;Switzerland;;;;;;;;;;
1846.HK;Euroeyes International Eye Clinic Ltd;Germany;;;;;;;;;;
SWON.S;Softwareone Holding AG;Switzerland;66,92;67,9;66,62;68,47;;;;;;
CNTG.OQ;Centogene NV;Germany;54,45;57,01;54,8;;;;;;;
SBXn.D;SynBiotic SE;Germany;;;;;;;;;;
EXLn.DE;Exasol AG;Germany;;;;;;;;;;
TIONG.DE;Tion Renewables AG;Germany;;;;;;;;;;
XCXG.D;coinIX GmbH & Co KgaA;Germany;;;;;;;;;;
CT4.D;Fox E-Mobility AG;Germany;;;;;;;;;;
GAG1n.DE;GORE German Office Real Estate AG;Germany;;;;;;;;;;
NLSP.OQ;NLS Pharmaceutics AG;Switzerland;21,9;8,54;;;;;;;;
VCHG.D;Valuechain Se;Germany;;;;;;;;;;
PSGG.DE;PharmaSGP Holding SE;Germany;;;;;;;;;;
INAI.S;Ina Invest Holding AG;Switzerland;;;;;;;;;;
BTCE.DE;ETC Issuance GmbH;Germany;;;;;;;;;;
C900n.D;Auto.De AG;Germany;;;;;;;;;;
ACHIN.S;Achiko AG;Switzerland;;;;;;;;;;
VZUG.S;V-ZUG Holding AG;Switzerland;57,7;55,65;44,37;;;;;;;
BKHTn.DE;Brockhaus Technologies AG;Germany;;;;;;;;;;
CVAC.OQ;CureVac NV;Germany;22,48;;;;;;;;;
5GG.D;Consulting Team Holding AG;Germany;;;;;;;;;;
KTAG.DE;Knaus Tabbert AG;Germany;57,21;61,87;;;;;;;;
VIAO.N;VIA Optronics AG;Germany;30,27;22,55;;;;;;;;
ENR1n.DE;Siemens Energy AG;Germany;73,55;77,81;79,93;;;;;;;
HAGG.DE;Hensoldt AG;Germany;76,33;74,48;65,38;;;;;;;
SSU.N;SIGNA Sports United NV;Germany;;;;;;;;;;
4NJ.D;Deutsche Payment A1M SE;Germany;;;;;;;;;;
C0M.F;Compleo Charging Solutions AG;Germany;;;;;;;;;;
BEN1.MU;Beno Holding AG;Germany;;;;;;;;;;
MLTX.OQ;MoonLake Immunotherapeutics;Switzerland;;;;;;;;;;
CUUG.D;Convalue Se;Germany;;;;;;;;;;
123F.DE;123fahrschule SE;Germany;;;;;;;;;;
FSNT.DE;Fashionette AG;Germany;;;;;;;;;;
67R.D;Optal-Mology AG;Germany;;;;;;;;;;
LILM.OQ;Lilium NV;Germany;;;;;;;;;;
88D.MU;WR Wohnraum AG;Germany;;;;;;;;;;
NA9n.DE;Nagarro SE;Germany;50,12;47,81;37,01;;;;;;;
8HC.D;Cogia AG;Germany;;;;;;;;;;
MYTE.N;MYT Netherlands Parent BV;Germany;;;;;;;;;;
05P.D;Impera SE;Germany;;;;;;;;;;
AG1G.DE;AUTO1 Group SE;Germany;45,78;47,37;17,41;;;;;;;
DTGGe.DE;Daimler Truck Holding AG;Germany;85,43;87,02;;;;;;;;
MLBMD.EUA;Beaconsmind AG;Switzerland;;;;;;;;;;
9JKn.F;International School Augsburg ISA gemeinnuetzige AG;Germany;;;;;;;;;;
VTWRn.H;Vantage Towers AG;Germany;30,21;;;;;;;;;
VH2.DE;Friedrich Vorwerk Group SE;Germany;;;;;;;;;;
VECT.OQ;VectivBio Holding AG;Switzerland;;;;;;;;;;
90Y.D;Ikonia FinTech AG;Germany;;;;;;;;;;
KTEK.DE;Katek Se;Germany;56,41;;;;;;;;;
SYAB.DE;Synlab AG;Germany;;;;;;;;;;
ATAI.OQ;ATAI Life Sciences NV;Germany;;;;;;;;;;
AERO.S;Montana Aerospace AG;Switzerland;;;;;;;;;;
9DD.D;Fonterelli SPAC 1 AG;Germany;;;;;;;;;;
PPGN.S;PolyPeptide Group AG;Switzerland;54,46;25,68;25,73;;;;;;;
HGEA.DE;hGears AG;Germany;;;;;;;;;;
LDF.DE;Linus Digital Finance AG;Germany;;;;;;;;;;
APPHG.DE;Apontis Pharma AG;Germany;;;;;;;;;;
27N.DE;Cannovum Cannabis AG;Germany;;;;;;;;;;
TRIFOR.CO;Trifork Holding AG;Switzerland;47,51;46,42;32,02;;;;;;;
OCS.OQ;Oculis Holding AG;Switzerland;;;;;;;;;;
991.MU;Vitruvia Medical AG;Switzerland;;;;;;;;;;
9D6.D;Aurenia SE;Germany;;;;;;;;;;
AQP1.D;Action Press AG;Germany;;;;;;;;;;
YOUG.DE;ABOUT YOU Holding SE;Germany;58,22;51,69;;;;;;;;
C3RY.DE;Cherry SE;Germany;;;;;;;;;;
BIKE.DE;Bike24 Holding AG;Germany;;;;;;;;;;
SPC1.D;Spac One AG;Germany;;;;;;;;;;
MLBBO.EUA;BEBO Health SA;Switzerland;;;;;;;;;;
IDNTT.MI;IDNTT SA;Switzerland;;;;;;;;;;
9MQ.D;Terentius Se;Germany;;;;;;;;;;
SOPH.OQ;Sophia Genetics SA;Switzerland;;;;;;;;;;
9Z2.D;Aurasol AG;Switzerland;;;;;;;;;;
5KZ.D;Dessixx AG;Germany;;;;;;;;;;
4JQ.D;Concado Se;Germany;;;;;;;;;;
VQLA.VI;VOQUZ Labs AG;Germany;;;;;;;;;;
14Dn.DE;Tokentus Investment AG;Germany;;;;;;;;;;
5KN.D;Spac Two AG;Germany;;;;;;;;;;
SRAD.OQ;Sportradar Group AG;Switzerland;;;;;;;;;;
ONON.N;On Holding AG;Switzerland;;;;;;;;;;
ASTRO.OL;Astrocast SA;Switzerland;;;;;;;;;;
VTSCn.DE;Vitesco Technologies Group AG;Germany;62,78;63,72;;;;;;;;
PYRG.DE;Pyrum Innovations AG;Germany;;;;;;;;;;
MEDX.S;medmix AG;Switzerland;;;;;;;;;;
75Sn.DE;Sdm SE;Germany;;;;;;;;;;
PO1n.F;Performance One AG;Germany;;;;;;;;;;
VEZ.DE;Veganz Group AG;Germany;;;;;;;;;;
MYNZ.OQ;Mainz Biomed NV;Germany;;;;;;;;;;
SEV.OQ;Sono Group NV;Germany;;;;;;;;;;
ALEX.V;Alpha Exploration Ltd;Switzerland;;;;;;;;;;
7V0.MU;Darwin AG;Germany;;;;;;;;;;
GUD1.BE;Guardbox Se;Germany;;;;;;;;;;
37Gn.D;Ceritech AG;Germany;;;;;;;;;;
EHCS.AS;European Healthcare Acquisition & Growth Company BV;Germany;;;;;;;;;;
3YO.D;Venturio SE;Germany;;;;;;;;;;
S14.D;Strategie Kapital AG;Germany;;;;;;;;;;
U9P.D;EAMD European AeroMarine Drones AG;Germany;;;;;;;;;;
YBTC.TG;Bitpanda Issuance GmbH;Germany;;;;;;;;;;
JZ6.DE;Deutsche Eigenheim Union AG;Germany;;;;;;;;;;
GGAA.OQ;Genesis Growth Tech Acquisition Corp;Switzerland;;;;;;;;;;
OJ2.D;Calvert International AG;Germany;;;;;;;;;;
SMARTsdb.ST;Smart Valor AG;Switzerland;;;;;;;;;;
5OZ.D;Vameva Se;Germany;;;;;;;;;;
P911_p.DE;Dr Ing hc F Porsche AG;Germany;;;;;;;;;;
V1W0g.D;Elaris GmbH;Germany;;;;;;;;;;
BOGn.MU;Stock3 AG;Germany;;;;;;;;;;
ENGLG.DE;Digital Invest eV AG;Germany;;;;;;;;;;
Q11.D;Viromed Medical AG;Germany;;;;;;;;;;
C45.D;Faveos Se;Germany;;;;;;;;;;
LP2.D;Innodio Se;Germany;;;;;;;;;;
HAUTE.BN;Haute Capital Partners AG;Switzerland;;;;;;;;;;
EPICN.S;EPIC Suisse AG;Switzerland;;;;;;;;;;
FU0.D;Cerdios Se;Germany;;;;;;;;;;
PATRI.BN;Patrimonium Urban Opportunity AG;Switzerland;;;;;;;;;;
E66n.MU;Semodu AG;Germany;;;;;;;;;;
9MO.D;Spac Three AG;Germany;;;;;;;;;;
Y59.D;PflegeDigitalisierung Invest AG;Germany;;;;;;;;;;
ACLN.S;Accelleron Industries AG;Switzerland;;;;;;;;;;
SSRT.PK;Streetex Corp;Germany;;;;;;;;;;
HIGHG.DE;Cantourage Group SE;Germany;;;;;;;;;;
BT6G.D;Vandana Se;Germany;;;;;;;;;;
6CG.D;Intesgo Se;Germany;;;;;;;;;;
D77n.DE;Neon Equity AG;Germany;;;;;;;;;;
IOSn.DE;IONOS Group SE;Germany;;;;;;;;;;
Q9U.D;Fonterelli SPAC 3 AG;Germany;;;;;;;;;;
DSFIR.AS;DSM-Firmenich AG;Switzerland;;;;;;;;;;
LAES.OQ;Sealsq Corp;Switzerland;;;;;;;;;;
