Company Name;Country of Headquarters;ESG Score;;;;;;;;;
;;46,54;37,86;35,58;27,42;;;;;;
;;;;;;;;;;;
;;;;;;;;;;;
;;38,27;;;;;;;;;
;;;;;;;;;;;
;;;;;;;;;;;
;;;;;;;;;;;
;;;;;;;;;;;
;;48,2;49,54;46,65;;;;;;;
;;;;;;;;;;;
;;2022;2021;2020;2019;2018;2017;2016;2015;2014;2013
Bayer AG;Germany;93,28;92,29;90,73;89,12;89,65;84,4;82,92;74,95;73,85;74,65
Deutsche Pfandbriefbank AG;Germany;62,05;63,05;56,79;55,72;57,19;;;;;
BayWa AG;Germany;72,29;69,55;62,94;48,53;47,96;;;;;
Joh Friedrich Behrens AG;Germany;;;;;;;;;;
Beiersdorf AG;Germany;70,87;66,17;62,56;63,5;62,53;59,21;54,05;56,12;55,88;59,08
Berchtesgadener Bergbahn AG;Germany;;;;;;;;;;
AdCapital AG;Germany;18,26;12,03;;;;;;;;
Bilfinger SE;Germany;68,95;63,63;70,13;68,51;70,49;71,45;63,57;69,86;60,45;53,11
Hugo Boss AG;Germany;88,86;88,95;86,98;86,18;88,23;74,75;74,31;72,38;51,27;48,9
Heidelberger Beteiligungsholding AG;Germany;;;;;;;;;;
BREMER LAGERHAUS-GESELLSCHAFT AG von 1877;Germany;57,05;45,11;;;;;;;;
Bijou Brigitte modische Accessoires AG;Germany;15,92;11;;;;;;;;
Brilliant AG;Germany;;;;;;;;;;
BBI Buergerliches Brauhaus Immobilien AG;Germany;;;;;;;;;;
Buergerliches Brauhaus Ravensburg Lindau Aktiengesellschaft;Germany;;;;;;;;;;
Friwo AG;Germany;;;;;;;;;;
Commerzbank AG;Germany;80,32;78,18;70,65;69,83;73,2;69,59;62,79;67,1;66,32;68,33
Continental AG;Germany;78,77;79,61;80,26;77,92;84,45;84,48;80,69;80,25;78,79;77,17
DATA MODUL Produktion und Vertrieb von elektronischen Systemen AG;Germany;19,98;17,53;;;;;;;;
Deutsche Bank AG;Germany;89,2;85,68;85,74;85,54;80,89;81,01;76,97;76,73;81,15;83,86
Deutsche Beteiligungs AG;Germany;44,09;43,7;46,74;35,46;;;;;;
Deutsche Effecten und Wechsel Beteiligungsgesellschaft AG;Germany;;;;;;;;;;
Deutsche Lufthansa AG;Germany;77,24;70,86;70,64;76,46;73,03;72,47;67,4;65,55;69,47;66,47
Dinkelacker AG;Germany;;;;;;;;;;
Dorstener Maschinenfabrik AG;Germany;;;;;;;;;;
Duerr AG;Germany;72,2;65,66;47,82;36,62;30,97;30,84;28,87;28,81;;
edding AG;Germany;44,12;27,74;;;;;;;;
Einhell Germany AG;Germany;36,46;36,05;;;;;;;;
Eisen und Huettenwerke AG;Germany;;;;;;;;;;
EUROKAI GmbH & Co KgaA;Germany;15,82;17,62;11,11;5,58;;;;;;
KHD Humboldt Wedag International AG;Germany;41,42;39,99;38,92;;;;;;;
Fernheizwerk Neukoelln AG;Germany;;;;;;;;;;
Pilkington Deutschland AG;Germany;;;;;;;;;;
Fortec Elektronik AG;Germany;;;;;;;;;;
Fuchs Petrolub SE;Germany;56,24;52,19;46,08;47,15;52,33;32,26;26,13;26,87;24,67;25,55
Gelsenwasser AG;Germany;;;;;;;;;;
GAG Immobilien AG;Germany;;;;;;;;;;
Arn Georg AG;Germany;;;;;;;;;;
DMG Mori AG;Germany;57,18;58,29;51,45;36,68;35,57;32,11;;;;
Greiffenberger AG;Germany;;;;;;;;;;
Hamborner REIT AG;Germany;51,11;40,89;32,51;29,66;;;;;;
Hasen-Immobilien AG;Germany;;;;;;;;;;
Heidelberg Materials AG;Germany;83,03;83,36;82,36;77,2;78,97;80,17;80,55;79,58;78,09;74,75
MATERNUS-Kliniken-AG;Germany;;;;;;;;;;
Henkel AG & Co KGaA;Germany;79,63;80,64;81,92;75,48;70,12;72,08;72,26;78,01;78,3;76,4
FRoSTA AG;Germany;15,87;;;;;;;;;
Hochtief AG;Germany;87,49;88,45;88,94;84,98;84,9;86,88;89,15;81,48;78,86;73,06
Philipp Holzmann AG;Germany;;;;;;;;;;
Kap AG;Germany;63,04;50,56;;;;;;;;
Gesundheitswelt Chiemgau AG;Germany;;;;;;;;;;
K&S AG;Germany;64,91;57,09;57,25;52,89;51,63;44,28;36,99;37,92;52,4;54,54
Arcandor AG;Germany;66,82;70,85;43,91;48,88;28,12;47,14;29,18;;;
KWS SAAT SE & Co KgaA;Germany;61,86;61,69;47,76;49,86;46,99;;;;;
DEUTZ AG;Germany;72,13;70,04;67,18;55,81;57,99;;;;;
Koenig & Bauer AG;Germany;43,37;45,77;38,98;34,39;27,54;;;;;
KSB SE & Co KGaA;Germany;46,93;41,81;;;;;;;;
TAG Colonia Immobilien AG;Germany;;;;;;;;;;
Landshuter Kunstmuehle CA Meyer`s Nachfolger AG;Germany;;;;;;;;;;
Lechwerke AG;Germany;;;;;;;;;;
Leifheit AG;Germany;62,28;56,26;55,57;;;;;;;
Leoni AG;Germany;65,97;62,83;61,72;57,83;54,94;49,43;51,18;51,01;59,12;53,32
Mainova AG;Germany;;;;;;;;;;
Albis Leasing AG;Germany;;;;;;;;;;
Mineralbrunnen Ueberkingen-Teinach GmbH & Co KgaA;Germany;;;;;;;;;;
Muenchener Rueckversicherungs Gesellschaft in Muenchen AG;Germany;88,96;85,32;88,94;84,41;83,11;82,48;69,96;69,87;71,97;68,56
NAK Stoffe AG;Germany;;;;;;;;;;
Nebelhornbahn-AG;Germany;;;;;;;;;;
Hoftex Group AG;Germany;33,4;31,24;;;;;;;;
Steuler Fliesengruppe AG;Germany;;;;;;;;;;
Nucletron Electronic AG;Germany;;;;;;;;;;
Nuernberger Beteiligungs AG;Germany;;;;;;;;;;
ADM Hamburg AG;Germany;;;;;;;;;;
OAB Osnabruecker Anlagenund Beteiligungs-Aktiengesellschaft;Germany;;;;;;;;;;
PARK & Bellheimer AG;Germany;;;;;;;;;;
Pittler Maschinenfabrik AG;Germany;;;;;;;;;;
Pommersche Provinzial-Zuckersiederei AG;Germany;;;;;;;;;;
Porsche Automobil Holding SE;Germany;18,56;15,32;11,4;9,95;11,24;7,75;3,91;7,61;11,44;17,76
TUI AG;Germany;76,89;79,51;79,54;81,96;84,97;82,62;83,77;73,59;76,12;66,16
PWO AG;Germany;54,36;45,2;;;;;;;;
Kulmbacher Brauerei Aktien-Gesellschaft;Germany;;;;;;;;;;
Webac Holding AG;Germany;;;;;;;;;;
RheinLand Holding AG;Germany;5,01;;;;;;;;;
Rheinmetall AG;Germany;81,18;80,07;69,72;42,73;38,5;43,89;45,66;39,17;39,27;37,93
SAP SE;Germany;90,71;94,49;93,18;93,4;93,58;92,24;91,56;90,55;88,62;90,69
Schulte-Schlagbaum AG;Germany;;;;;;;;;;
Schumag AG;Germany;;;;;;;;;;
Schwabenverlag AG;Germany;;;;;;;;;;
Schwaelbchen Molkerei Jakob Berz AG;Germany;;;;;;;;;;
Sedlmayr Grund und Immobilien AG;Germany;;;;;;;;;;
Schloss Wachenheim AG;Germany;;;;;;;;;;
Sixt SE;Germany;57,63;42,3;35,91;31,45;28,81;11,57;;;;
SLOMAN NEPTUN Schiffahrts-AG;Germany;;;;;;;;;;
Salzgitter AG;Germany;71,59;69,05;64,6;58,94;57,08;54,27;35,66;27,54;29,06;28,97
STINAG Stuttgart Invest AG;Germany;;;;;;;;;;
Suedwestdeutsche Salzwerke AG;Germany;;;;;;;;;;
Suedzucker AG;Germany;68,33;62,63;53,71;48;44,18;48,24;33,64;35,43;23,32;17,01
TAG Immobilien AG;Germany;69,63;70,17;60,68;55,86;49,35;47,93;;;;
Pinguin Haustechnik AG;Germany;;;;;;;;;;
UeSTRA Hannoversche Verkehrsbetriebe AG;Germany;;;;;;;;;;
Varta AG;Germany;56,62;48,11;31,48;13,41;11,58;;;;;
E ON SE;Germany;76,74;73,02;70,64;74,99;74,45;68,58;77,42;78,35;79,53;82,04
Vereinigte Filzfabriken AG;Germany;;;;;;;;;;
Volkswagen AG;Germany;85,45;86,05;89,17;87,6;83,13;82,53;79,92;80,18;83,95;79,24
H&R GmbH & Co KgaA;Germany;42,2;44,66;40,78;34,31;32,45;;;;;
Westag AG;Germany;;;;;;;;;;
WKM Terrainund Beteiligungs-Aktiengesellschaft;Germany;;;;;;;;;;
ECHOS Holding AG;Germany;;;;;;;;;;
WCM Beteiligungsund Grundbesitz-AG;Germany;;;;;;;;;;
Wuestenrot & Wuerttembergische AG;Germany;36,72;34,35;32,86;27,69;11,27;;;;;
Elringklinger AG;Germany;55,2;52,21;41,36;46,78;47,33;49,93;53,72;54,38;40,03;42,22
Zoologischer Garten Berlin AG;Germany;;;;;;;;;;
Zurich Insurance Group AG;Switzerland;89,36;89,98;87,75;83,89;79,71;66,92;67,86;61,2;62,78;59,24
Zwahlen et Mayr SA;Switzerland;;;;;;;;;;
Sonova Holding AG;Switzerland;85,17;88,63;84,19;83,76;80,17;76,38;67,32;66,8;64,73;50,19
CalciTech Ltd;Switzerland;;;;;;;;;;
Arbonia AG;Switzerland;66,9;63,94;57,35;41,33;32,73;;;;;
UBS (CH) Property Fd-Swiss Residential 'Anfos' CHF;Switzerland;;;;;;;;;;
GAM Holding AG;Switzerland;81,55;76,72;65,05;54,71;56,43;37,56;35,13;41,35;42,05;22,77
Basellandschaftliche Kantonalbank;Switzerland;48,49;46,3;39,95;;;;;;;
Basler Kantonalbank;Switzerland;;;;;;;;;;
Bell Food Group AG;Switzerland;46,06;46,67;43,75;33,24;;;;;;
Immo Helvetic;Switzerland;;;;;;;;;;
OC Oerlikon Corporation AG Pfaeffikon;Switzerland;75,53;59,82;53,59;47,5;47,51;47,71;46,27;48,15;46,29;49,67
Calida Holding AG;Switzerland;42,17;41,67;;;;;;;;
Carlo Gavazzi Holding AG;Switzerland;10,39;8,87;;;;;;;;
CI Com SA;Switzerland;;;;;;;;;;
Daetwyler Holding AG;Switzerland;47,51;52,5;49,71;46,99;;;;;;
Datacolor AG;Switzerland;45,61;12,7;;;;;;;;
Ems Chemie Holding AG;Switzerland;42,7;35,52;35,47;33,41;22,2;21,85;22,48;21,2;22,8;24,08
Compagnie Financiere Richemont SA;Switzerland;78,34;67,47;66,66;64,85;65,29;56,83;61,04;60,99;68,38;61,56
Compagnie Financiere Tradition SA;Switzerland;35,02;36,14;36,51;33,44;;;;;;
Georg Fischer AG;Switzerland;83;83,23;74,88;76,52;74,85;73,54;76,6;74,69;78,15;72,86
Flughafen Zuerich AG;Switzerland;46,23;31,48;33,33;30,8;27,25;29,25;30,4;30,98;28,38;28,82
Forbo Holding AG;Switzerland;60,71;64,91;63,38;61,07;57,78;;;;;
APG SGA SA;Switzerland;36,9;38,02;42,26;36,35;20,17;;;;;
Graubuendner Kantonalbank;Switzerland;;;;;;;;;;
Gurit Holding AG;Switzerland;78,26;71,19;54,92;41,7;22,46;;;;;
Holcim AG;Switzerland;77,51;74,72;74,97;74,69;78,53;77,1;72,04;68,9;70,59;67,39
Immofonds Immobilien AG;Switzerland;;;;;;;;;;
Intershop Holding AG;Switzerland;29,09;25,61;22,67;23,56;15,88;;;;;
Credit Suisse Real Estate Fund Interswiss A;Switzerland;;;;;;;;;;
Jungfraubahn Holding AG;Switzerland;29,55;27,33;27,37;14,53;13,33;;;;;
Berner Kantonalbank AG;Switzerland;;;;;;;;;;
Kardex Holding AG;Switzerland;46,99;43,1;42,03;24,79;21,21;;;;;
Energiedienst Holding AG;Switzerland;;;;;;;;;;
Valiant Holding AG;Switzerland;52,73;49,29;45,68;41,98;45,3;47,38;42,45;45,04;50,47;44,2
Lem Holding SA;Switzerland;51,88;49,46;51,19;41,96;32,53;;;;;
Chocoladefabriken Lindt & Spruengli AG;Switzerland;73,56;73,17;69,22;64,2;61,34;56,23;52;45,73;45,55;41,34
Meier Tobler Group AG;Switzerland;;;;;;;;;;
Metall Zug AG;Switzerland;34,14;32,26;28,55;46,45;45,12;;;;;
Mikron Holding AG;Switzerland;24,24;18,94;;;;;;;;
Groupe Minoteries SA;Switzerland;;;;;;;;;;
Nestle SA;Switzerland;85,42;91,39;89,3;90,6;82,53;85,32;86,49;88,55;92,58;92,47
Orell Fuessli AG;Switzerland;36,47;27,74;17,91;13,79;;;;;;
Perrot Duval Holding SA;Switzerland;;;;;;;;;;
Phoenix Mecano AG;Switzerland;24,73;19,23;15,82;;;;;;;
Rieter Holding AG;Switzerland;55,18;65,72;59,18;57,51;50,64;36,47;36,54;29,56;29,26;34,23
Arundel AG;Switzerland;4,96;5,79;4,72;;;;;;;
Schindler Holding AG;Switzerland;51,23;59,45;52,78;50,24;46,08;43,58;46,8;42,38;38,7;39,76
Schweiter Technologies AG;Switzerland;44,74;43,43;41,38;34,7;23;;;;;
Siegfried Holding AG;Switzerland;68,95;69,41;66,87;64,72;69,1;;;;;
Sika AG;Switzerland;80,65;81,15;77,15;65,32;64,36;60,3;59,84;51,5;44,59;43,49
UBS (CH) Property Fund - Swiss Mixed 'Sima' CHF;Switzerland;;;;;;;;;;
Sulzer AG;Switzerland;72,14;75,22;61,82;64,88;52,57;56,07;61,06;73,14;80,54;85,49
UBS SW Swissreal;Switzerland;;;;;;;;;;
Tecan Group AG;Switzerland;63,8;56,68;57,76;50,96;40,18;30,55;;;;
Romande Energie Holding SA;Switzerland;42;38,06;11,74;;;;;;;
IVF Hartmann Holding AG;Switzerland;;;;;;;;;;
Vetropack Holding SA;Switzerland;47,53;49,29;44,38;37,43;31,39;;;;;
Villars Holding SA;Switzerland;;;;;;;;;;
Von Roll Holding AG;Switzerland;41,68;42,57;43,74;40,01;;;;;;
Vontobel Holding AG;Switzerland;69,33;65,02;63,78;67,61;60,48;;;;;
Zehnder Group AG;Switzerland;34,62;30,93;31,31;;;;;;;
Bystronic AG;Switzerland;54,21;32,27;32,62;27,81;;;;;;
Zuger Kantonalbank;Switzerland;;;;;;;;;;
Fresenius SE & Co KGaA;Germany;82,79;82,98;75,4;73,35;63,48;43,91;46,48;51,87;44,58;47,76
SGS SA;Switzerland;86,29;87,05;85,68;81,82;84,07;81,55;79,04;80,38;78,6;72,86
Bayerische Motoren Werke AG;Germany;89,82;83,68;86,83;83,88;84,14;87,1;85,84;86,28;88,37;85,81
Ceconomy AG;Germany;80,56;75,29;72,26;61,52;61,82;75,52;74,82;73,28;78,25;72,84
Baloise Holding AG;Switzerland;42,39;41,57;44,53;44,79;42,69;45,33;50,7;51,07;50,62;46,26
RWE AG;Germany;72,65;66,09;67,45;70,95;70,56;72,22;70,92;72,82;74,29;74,48
Siemens AG;Germany;87,32;89,44;90,38;87,92;85,5;83,84;82,46;83,52;84,5;82,86
Schweizerische Nationalbank;Switzerland;27,72;28,29;26,27;25,45;22,36;18,08;;;;
Interroll Holding AG;Switzerland;51,84;37,02;35,07;28,52;26,77;;;;;
Komax Holding AG;Switzerland;39,3;37,98;38,03;35,23;32,38;;;;;
thyssenkrupp AG;Germany;74,37;76,45;76,52;67,76;70,42;71,43;73,3;66,8;61,12;62,56
Ls Invest AG;Germany;;;;;;;;;;
7C Solarparken AG;Germany;;;;;;;;;;
Sporttotal AG;Germany;;;;;;;;;;
LPKF Laser & Electronics SE;Germany;49,81;45,28;38,06;;;;;;;
Deutsche Telekom AG;Germany;87,08;87,6;82,4;77,76;77,06;79,4;78,63;70,23;73,62;75,79
Value-Holdings AG;Germany;;;;;;;;;;
Indus Holding AG;Germany;43,82;39,52;32,11;25,08;;;;;;
Aryzta AG;Switzerland;58,33;56,88;57,05;53,77;48,38;45,81;47,01;25,9;24,04;16,62
Adecco Group AG;Switzerland;73,56;73,41;69,96;64,65;67,68;70,07;72,9;65,1;68,69;71,48
Allianz SE;Germany;91,98;92,81;94,32;94,11;94,97;86,09;86,65;88,46;86,12;88,67
BASF SE;Germany;92,32;93,12;92,6;90,71;89,9;83,78;83,78;87,9;88,61;86,79
Banque Cantonale Du Jura SA;Switzerland;;;;;;;;;;
Effecten-Spiegel AG;Germany;;;;;;;;;;
Airesis SA;Switzerland;6,63;7,01;3,85;;;;;;;
Mymetics Corp;Switzerland;;;;;;;;;;
Zueblin Immobilien Holding AG;Switzerland;14,35;14,14;36,88;;;;;;;
Pfeiffer Vacuum Technology AG;Germany;56,4;46,39;36,05;17,31;;;;;;
Krones AG;Germany;54,15;54,09;47,04;45,52;46,52;;;;;
GEA Group AG;Germany;83,13;70,31;68,67;68,4;68,8;63,76;49,21;39;33,86;33,15
Hornbach Baumarkt AG;Germany;55,19;58,11;54,47;49,71;;;;;;
Chubb Ltd;Switzerland;52,07;50,56;50,5;51,59;49,31;49,14;37,59;38,09;39,56;42,52
KHD Humboldt Wedag Vermoegensverwaltungs-AG;Germany;;;;;;;;;;
Sartorius AG;Germany;83,21;80,2;74,41;73,22;69,76;66,7;58,02;;;
Simona AG;Germany;51,08;24,66;25,03;;;;;;;
Warteck Invest AG;Switzerland;;;;;;;;;;
InnoTec TSS AG;Germany;;;;;;;;;;
Jungheinrich AG;Germany;59,79;52,85;53,37;48,04;41,13;;;;;
Fleischerei Bedarf AG von 1923;Germany;;;;;;;;;;
GFT Technologies SE;Germany;65,74;58,82;44,75;45,57;;;;;;
Lewag Holding AG;Germany;;;;;;;;;;
Gerry Weber International AG;Germany;66,01;51,27;48,01;45,07;51,72;41,85;52,33;26,18;32,06;
Oberstdorfer Bergbahn AG;Germany;;;;;;;;;;
Rhoen Klinikum AG;Germany;47,07;47,8;38,52;33,86;35,45;32,08;26,73;32,81;31,59;37,13
Muenchener Tierpark Hellabrunn AG;Germany;;;;;;;;;;
Vossloh AG;Germany;48,87;48,02;40,14;42,84;38,57;;;;;
Neuhof Textil-Holding AG;Germany;;;;;;;;;;
Gold Zack AG;Germany;;;;;;;;;;
Eyemaxx Real Estate AG;Germany;;;;;;;;;;
Enercity AG;Germany;;;;;;;;;;
MLP SE;Germany;65,65;61,63;50,88;47,44;43,46;28,28;40,55;32,4;31,31;36,77
Maschinenfabrik Berthold Hermle AG;Germany;26,27;23,82;;;;;;;;
MedNation AG;Germany;;;;;;;;;;
Turbon AG;Germany;;;;;;;;;;
Villeroy & Boch AG;Germany;71,12;61,98;60,75;;;;;;;
Schlatter Industries AG;Switzerland;;;;;;;;;;
Biotest AG;Germany;57,72;61,55;57,43;54,44;51,13;;;;;
Bertrandt AG;Germany;56,47;43,24;33,45;45,04;;;;;;
Uzin Utz SE;Germany;43,32;32,29;;;;;;;;
Belimo Holding AG;Switzerland;61,73;50,42;48,67;43,32;40,81;36,87;30,83;37,84;39,21;34,84
Bellevue Group AG;Switzerland;38,79;35,53;21,55;;;;;;;
BB Biotech AG;Switzerland;41,77;20,77;20,66;11,18;10,82;6,65;5,85;4,87;6,41;9,5
Novartis AG;Switzerland;85,26;86,39;85,55;83,2;85,15;82,99;84,24;84,3;84,46;84,7
One Swiss Bank SA;Switzerland;14,82;10,82;;;;;;;;
Hypothekarbank Lenzburg AG;Switzerland;;;;;;;;;;
Huber+Suhner AG;Switzerland;64,7;64,83;64,48;51,36;50,33;42,74;39,66;48,43;36,67;40,57
Leclanche SA;Switzerland;17,75;14,97;;;;;;;;
MorphoSys AG;Germany;53,07;54,28;53,24;49,73;42,6;41,35;45,67;45,54;46,34;
mwb Fairtrade Wertpapierhandelsbank AG;Germany;;;;;;;;;;
Neschen AG;Germany;;;;;;;;;;
Crealogix Holding AG;Switzerland;26,24;25,06;20,82;;;;;;;
Banque Cantonale du Valais;Switzerland;;;;;;;;;;
SOLVALOR 61;Switzerland;;;;;;;;;;
Deutsche Balaton AG;Germany;;;;;;;;;;
Mobilezone Holding AG;Switzerland;40,2;35,33;29,05;18,03;11,28;;;;;
Valartis Group AG;Switzerland;19,48;21,62;17,62;;;;;;;
Bossard Holding AG;Switzerland;43,93;51,4;39,44;33,15;27,3;;;;;
Fresenius Medical Care AG & Co KGaA;Germany;86,42;86,72;84,13;79,68;80,14;74,18;72,72;68,92;66,43;67,55
iShares Core EURO STOXX 50 UCITS ETF (DE);Germany;;;;;;;;;;
SolarWorld AG;Germany;62,91;66,81;69,23;51,32;54,41;54,76;56,83;57,03;71,65;63,46
iShares STOXX Europe 50 UCITS ETF (DE);Germany;;;;;;;;;;
Sangui Biotech International Inc;Germany;;;;;;;;;;
Bergbahnen Engelberg Truebsee Titlis Bet AG;Switzerland;;;;;;;;;;
Avis Financial Corp;Switzerland;;;;;;;;;;
Merkur Privatbank KGaA;Germany;;;;;;;;;;
iShares Core DAX UCITS ETF (DE);Germany;;;;;;;;;;
TELES Informationstechnologien AG;Germany;;;;;;;;;;
CompuGroup Medical SE & Co KgaA;Germany;48,09;47,67;41,38;30,52;30,24;;;;;
Swiss Steel Holding AG;Switzerland;51,48;49,29;50,26;44,13;46,94;;;;;
Puma SE;Germany;86,08;85,44;81,27;80,14;72,49;73,96;72,93;74,53;72,03;73,76
Berliner Effektengesellschaft AG;Germany;;;;;;;;;;
Beta Systems Software AG;Germany;;;;;;;;;;
Sto SE & Co KgaA;Germany;57,96;52,38;48,38;45,91;;;;;;
Ascom Holding AG;Switzerland;59,43;57,67;54,31;45,32;29,51;;;;;
Konsortium AG;Germany;;;;;;;;;;
RM Rheiner Management AG;Germany;;;;;;;;;;
IWG Plc;Switzerland;54,88;52,11;53,31;59,03;58,92;49,08;50,15;35,9;39,06;45,45
Grammer AG;Germany;59,46;40,7;39,51;;;;;;;
Alpine Select AG;Switzerland;12,77;12,19;11,4;;;;;;;
adesso SE;Germany;62,27;23,66;20,79;;;;;;;
Clere AG;Germany;;;;;;;;;;
Readcrest Capital AG;Germany;;;;;;;;;;
Highlight Event and Entertainment AG;Switzerland;9,72;10,93;7,34;;;;;;;
Softline AG;Germany;;;;;;;;;;
R Stahl AG;Germany;29,88;32,86;33,55;;;;;;;
Ymos AG;Germany;;;;;;;;;;
Comet Holding AG;Switzerland;59,43;49,54;46,95;28,8;22,88;;;;;
Dormakaba Holding AG;Switzerland;84,96;82,39;82,02;71,54;68,66;62,06;55,07;42,21;46,23;39,71
SM Wirtschaftsberatungs AG;Germany;;;;;;;;;;
Cewe Stiftung & Co KGaA;Germany;64,2;59,53;49,27;51,37;;;;;;
Inficon Holding AG;Switzerland;55,3;53,16;25,89;19,64;;;;;;
Clariant AG;Switzerland;80,49;79,76;80,48;76,63;77,56;76,45;76,5;68,79;68,33;66,94
Jenoptik AG;Germany;68,1;69,2;56,59;53,4;49;;;;;
SGL Carbon SE;Germany;70,12;69,5;67,51;65,68;66,77;58,63;57,62;53,96;42,47;42,95
Swatch Group AG;Switzerland;64,55;58,52;35,64;32,71;30,5;29,94;25,29;25,04;20,42;17,5
Mercedes Benz Group AG;Germany;92,34;93,97;93,92;93,26;93,83;91,38;92,21;93,03;90,88;94,57
Edel SE & Co KgaA;Germany;;;;;;;;;;
Brueder Mannesmann AG;Germany;;;;;;;;;;
Logitech International SA;Switzerland;79,77;71,4;68,69;64,31;65,18;61,68;38,06;26,55;26,86;26
ais AG;Germany;;;;;;;;;;
Adtran Networks SE;Germany;72,99;76,54;70,29;69,15;74,37;;;;;
Jost AG;Germany;;;;;;;;;;
Verianos Se;Germany;;;;;;;;;;
NORDWEST Handel AG;Germany;;;;;;;;;;
WashTec AG;Germany;44;32,38;20,8;18,14;;;;;;
Banque Cantonale de Geneve;Switzerland;30,98;32,65;31,14;;;;;;;
Helvetia Holding AG;Switzerland;67,34;66,96;66,4;56,76;46,17;38,92;37,65;47,55;51,36;51,44
WASGAU Produktions & Handels AG;Germany;;;;;;;;;;
Syzygy AG;Germany;28,88;31,98;14,92;;;;;;;
Umweltbank AG;Germany;;;;;;;;;;
Kuehne und Nagel International AG;Switzerland;71,32;70,59;71,17;65,97;62,85;52,05;51,17;50,69;46,03;50,64
United Internet AG;Germany;60,51;45,23;43,41;37,84;27,02;31,23;14,03;11,02;14,16;15,37
PNE AG;Germany;33,73;34,23;25,78;27,76;;;;;;
Meta Wolf AG;Germany;;;;;;;;;;
Also Holding AG;Switzerland;38,58;40,8;20,09;13,97;;;;;;
Nemetschek SE;Germany;54,36;57,33;54,61;40,47;34,39;19,56;;;;
MAX Automation SE;Germany;32,02;31,96;;;;;;;;
Prosiebensat 1 Media SE;Germany;72,69;73,82;74,38;73,96;72,75;68,38;59,25;55,9;33,33;35,69
secunet Security Networks AG;Germany;57,01;52;43,77;;;;;;;
PEH Wertpapier AG;Germany;;;;;;;;;;
Baader Bank AG;Germany;;;;;;;;;;
Foris AG;Germany;;;;;;;;;;
Medigene AG;Germany;;;;;;;;;;
Merck KGaA;Germany;90,05;91,32;87,08;83,49;83,81;78,4;80,5;80,02;74,96;72,05
Schaltbau Holding AG;Germany;24,95;;;;;;;;;
Elma Electronic AG;Switzerland;;;;;;;;;;
IVU Traffic Technologies AG;Germany;44,39;36,75;;;;;;;;
Valora Effekten Handel AG;Germany;;;;;;;;;;
iShares Dow Jones Global Titans 50 (DE);Germany;;;;;;;;;;
Pferdewetten de AG;Germany;;;;;;;;;;
Geratherm Medical AG;Germany;;;;;;;;;;
Highlight Communications AG;Switzerland;11,94;16,12;14,66;;;;;;;
Aixtron SE;Germany;72,92;75,48;74,61;60,8;54,31;54,58;46,54;34,91;33,03;28,02
Heidelberger Druckmaschinen AG;Germany;54,1;54,66;56,2;53,01;52,62;43,77;42,46;33,16;40,41;36,55
Singulus Technologies AG;Germany;;;;;;;;;;
Takkt AG;Germany;35,31;44,49;28,59;30,78;25,44;;;;;
Fielmann AG;Germany;53,59;55,12;50,46;42,23;41,31;37,47;22,37;27,32;21,52;22,05
PSI Software AG;Germany;48,65;42,12;41,79;20,71;;;;;;
Amadeus Fire AG;Germany;46,01;38,51;39,57;33,89;29,71;;;;;
Fritz Nols AG;Germany;;;;;;;;;;
Evotec SE;Germany;75,53;74,99;68,44;60,66;56,91;;;;;
Mensch und Maschine Software SE;Germany;21,57;21,41;11,04;;;;;;;
Temenos AG;Switzerland;73,7;75,39;72,26;69;60,93;54,19;52,83;28,65;22,16;25,18
Hannover Rueck SE;Germany;78,22;70,25;53,98;61,61;62,38;60,34;71,72;66,56;67,56;62,28
Tornos Holding AG;Switzerland;15,88;14,35;13,36;;;;;;;
Adidas AG;Germany;91,55;89,98;92,1;90,82;86,38;85,58;88,42;93,5;86,72;90,93
Magnum AG;Germany;;;;;;;;;;
infas Holding AG;Germany;;;;;;;;;;
Starrag Group Holding AG;Switzerland;35,55;38,22;41,12;;;;;;;
Eckert & Ziegler Strahlen und Medizintechnik AG;Germany;46,74;43,37;45,11;36,36;;;;;;
Realtech AG;Germany;;;;;;;;;;
technotrans SE;Germany;29,09;23,57;;;;;;;;
Reederei Herbert Ekkenga Aktiengesellschaft Passagierschiffahrt;Germany;;;;;;;;;;
Basler AG;Germany;46,7;30,67;33,21;22,47;28,75;;;;;
All for One Group SE;Germany;58,17;55,28;45,98;21,1;;;;;;
Sino-German United AG;Germany;;;;;;;;;;
Einbecker Brauhaus AG;Germany;;;;;;;;;;
LUDWIG BECK am Rathauseck Textilhaus Feldmeier AG;Germany;;;;;;;;;;
ALBA SE;Germany;;;;;;;;;;
Private Equity Holding AG;Switzerland;8,37;8,74;9;8,28;5,13;;;;;
Swisscanto (CH) REF Responsible IFCA FA CHF;Switzerland;;;;;;;;;;
MPC Muenchmeyer Petersen Capital AG;Germany;;;;;;;;;;
CENIT AG;Germany;48,8;54,56;21,77;;;;;;;
B+S Banksysteme AG;Germany;;;;;;;;;;
1&1 AG;Germany;71,89;63,39;44,69;34,16;38,12;24,29;;;;
Software AG;Germany;69,24;65,37;57,8;44,04;52;38,28;53,54;45,94;47,7;41,34
EnBW Energie Baden Wuerttemberg AG;Germany;60,87;55,91;;;;;;;;
Adval Tech Holding AG;Switzerland;35;13,8;10,69;;;;;;;
CashMedien AG;Germany;;;;;;;;;;
Solutiance AG;Germany;;;;;;;;;;
CeoTronics Audio Video Data Communication AG;Germany;;;;;;;;;;
Centrotec SE;Germany;;;;;;;;;;
SUESS MicroTec SE;Germany;56,29;44,91;33,28;15,37;;;;;;
BVZ Holding AG;Switzerland;;;;;;;;;;
Intertainment AG;Germany;;;;;;;;;;
Muehlbauer Holding AG;Germany;;;;;;;;;;
Plenum AG;Germany;;;;;;;;;;
Elanix Biotechnologies AG;Germany;;;;;;;;;;
Sparta AG;Germany;;;;;;;;;;
Enapter AG;Germany;;;;;;;;;;
Lonza Group AG;Switzerland;84,89;85,32;87,22;80,86;71,11;71,84;64,22;66,02;69,23;66,38
Feintool International Holding AG;Switzerland;53,85;44,76;46,01;38,08;29,56;;;;;
CPU Softwarehouse AG;Germany;;;;;;;;;;
Euwax AG;Germany;;;;;;;;;;
Barry Callebaut AG;Switzerland;76,46;76,66;78,05;75,97;76,25;66,9;61,51;60,03;61,84;50,54
Red Rock Capital AG;Germany;;;;;;;;;;
Easy Software AG;Germany;;;;;;;;;;
Gesco SE;Germany;49,7;48,86;39,27;32,15;;;;;;
AS Creation Tapeten AG;Germany;27,62;;;;;;;;;
Holidaycheck Group AG;Germany;;;;;;;;;;
Schaffner Holding AG;Switzerland;31,44;24,22;;;;;;;;
Softing AG;Germany;;;;;;;;;;
UCA AG;Germany;;;;;;;;;;
Cicor Technologies Ltd;Switzerland;29,92;29,92;12,92;8,35;;;;;;
Hawesko Holding SE;Germany;55,49;48,54;;;;;;;;
Encavis AG;Germany;45,13;32,16;9,16;9,43;;;;;;
Straumann Holding AG;Switzerland;67,92;66,82;66,53;62,65;62,15;53,79;52,12;55,39;53,09;52,39
Stratec SE;Germany;71,11;64,29;48,36;37,56;;;;;;
Cancom SE;Germany;64,21;51,45;50,01;41,22;;;;;;
Kudelski SA;Switzerland;30,24;29,11;29,06;20,35;11,77;10,8;12,46;12,19;12,56;9,18
Eeii AG;Switzerland;5,1;4,58;3,15;;;;;;;
Bachem Holding AG;Switzerland;54,97;55,58;51,04;32,87;21,21;;;;;
MVV Energie AG;Germany;51,93;51,79;50,04;49,82;53,08;45,89;42,27;46,31;37,32;40,24
Aurubis AG;Germany;82,17;80,71;77,54;72,51;69,38;66,2;61,22;64,13;63,02;56,47
Kinarus Therapeutics Holding AG;Switzerland;6,79;4,91;;;;;;;;
Artnet AG;Germany;;;;;;;;;;
Medion AG;Germany;;;;;;;;;;
Deutsche Grundstuecksauktionen AG;Germany;;;;;;;;;;
Deutsche EuroShop AG;Germany;24,86;28,46;24,34;21,84;15,95;17,93;16,82;13,2;12,41;18,51
Rational AG;Germany;53,07;50,94;45,26;45,05;41,87;;;;;
First Sensor AG;Germany;46,52;44,11;43,87;;;;;;;
Tiscon AG;Germany;;;;;;;;;;
Abb Ltd;Switzerland;91,98;94,45;94,03;93,72;92,72;89,72;87,22;88,9;92,89;89,72
Zapf Creation AG;Germany;;;;;;;;;;
Q-Soft Verwaltungs AG;Germany;;;;;;;;;;
Splendid Medien AG;Germany;;;;;;;;;;
Pulsion Medical Systems SE;Germany;;;;;;;;;;
KST Beteiligungs AG;Germany;;;;;;;;;;
Talenthouse AG;Switzerland;;;;;;;;;;
DEAG Deutsche Entertainment AG;Germany;;;;;;;;;;
Castle Private Equity AG;Switzerland;12,72;10,07;7,95;;;;;;;
Alphaform AG;Germany;;;;;;;;;;
Philomaxcap AG;Germany;;;;;;;;;;
2Invest AG;Germany;;;;;;;;;;
Deufol SE;Germany;16,82;12,44;;;;;;;;
Surteco Group SE;Germany;45,62;51,36;42,8;40,11;;;;;;
Youngtimers AG;Switzerland;;;;;;;;;;
Swisscom AG;Switzerland;72,68;68,28;75,85;72,61;70,8;64,95;60,99;74,61;69,32;75,46
Nexus AG;Germany;53,76;53,04;40,01;;;;;;;
Carl Zeiss Meditec AG;Germany;70,29;71,74;71,8;63,19;61,65;55,24;;;;
SHS Viveon AG;Germany;;;;;;;;;;
Aap Implantate AG;Germany;;;;;;;;;;
Deutsche Real Estate AG;Germany;;;;;;;;;;
Atoss Software AG;Germany;;;;;;;;;;
11 88 0 Solutions AG;Germany;23,03;24,49;23,23;;;;;;;
Masterflex SE;Germany;36,29;33,76;32,13;;;;;;;
Aevis Victoria SA;Switzerland;13,96;19,54;17,87;;;;;;;
Panamax AG;Germany;;;;;;;;;;
TTL Beteiligungs und Grundbesitz AG;Germany;;;;;;;;;;
Orbis Se;Germany;;;;;;;;;;
Elmos Semiconductor SE;Germany;60,33;52,82;35,23;32,48;25,01;;;;;
Geberit AG;Switzerland;86,2;87,76;90,58;88,65;89,07;83,41;80,73;82,68;77,57;79,65
Bloxolid AG;Switzerland;;;;;;;;;;
Ad Pepper Media International NV;Germany;;;;;;;;;;
Transocean Ltd;Switzerland;55,57;55,78;57,66;61,71;55,55;65,51;44,11;43,68;53,58;56,79
PVA TePla AG;Germany;34,55;31,86;30,57;;;;;;;
CoDon AG;Germany;;;;;;;;;;
Hyrican Informationssysteme AG;Germany;;;;;;;;;;
Roche Holding AG;Switzerland;94,42;94,41;95,06;92,81;88,97;89,23;87,48;89,34;89,7;81,09
Televerbier SA;Switzerland;;;;;;;;;;
TC Unterhaltungselektronik AG;Germany;;;;;;;;;;
3U Holding AG;Germany;;;;;;;;;;
iShares TecDAX® UCITS ETF (DE) EUR (Acc);Germany;;;;;;;;;;
Dierig Holding AG;Germany;;;;;;;;;;
Bechtle AG;Germany;69,19;53,41;46,08;33,45;30,35;;;;;
NorCom Information Technology GmbH & Co KgaA;Germany;;;;;;;;;;
OEKOWORLD AG;Germany;;;;;;;;;;
United Labels AG;Germany;;;;;;;;;;
Infineon Technologies AG;Germany;83,05;83,06;82,17;76,73;76,99;78,96;82,99;80,02;74,31;73,17
Msg Life Ag;Germany;23,3;15,96;;;;;;;;
German Values Property Group AG;Germany;;;;;;;;;;
Cts Eventim AG & Co KgaA;Germany;36,96;43,35;36,48;27,36;26,15;25,21;;;;
DCI Database for Commerce and Industry AG;Germany;;;;;;;;;;
iShares MDAX® UCITS ETF (DE);Germany;;;;;;;;;;
CPH Chemie und Papier Holding AG;Switzerland;17,36;16,67;16,35;;;;;;;
St Galler Kantonalbank AG;Switzerland;6,16;2,54;3,59;;;;;;;
Swissquote Group Holding SA;Switzerland;57,51;48,03;50,61;20,28;22,99;;;;;
Dr Hoenle AG;Germany;27,26;28,93;18,52;;;;;;;
Deutsche Post AG;Germany;79,54;83,55;85,55;87,09;80,12;80,3;82,87;80,36;78,1;79,5
Mueller Die lila Logistik SE;Germany;;;;;;;;;;
Hydrotec Gesellschaft fuer Wassertechnik AG;Germany;;;;;;;;;;
Allreal Holding AG;Switzerland;44,69;50,3;45,95;42,4;27,96;24,3;28,83;26,46;27,14;26,15
Energiekontor AG;Germany;;;;;;;;;;
PSP Swiss Property AG;Switzerland;58,1;60,64;45,38;40,3;39,66;30,54;34,99;33,56;31,19;26,42
Pro DV AG;Germany;;;;;;;;;;
SNP Schneider Neureither & Partner SE;Germany;50,98;52,29;39,81;;;;;;;
MS Industrie AG;Germany;;;;;;;;;;
DocCheck AG;Germany;;;;;;;;;;
QBeyond AG;Germany;68,46;70;68,94;;;;;;;
Swiss Prime Site AG;Switzerland;61,37;62,89;64,05;56,61;51,45;47,33;46,19;48,09;35,82;23,17
Allgeier SE;Germany;47,05;43,03;34,18;;;;;;;
Schweizer Electronic AG;Germany;32,03;29,93;;;;;;;;
Givaudan SA;Switzerland;77,54;75,87;75,58;73,41;74,73;70,58;67,33;73,94;71,34;70,71
Grenke AG;Germany;77,44;57,09;50,01;39,49;42,13;36,2;;;;
BMP Pharma Trading AG;Germany;;;;;;;;;;
Spobag AG;Germany;;;;;;;;;;
GBS Software AG;Germany;;;;;;;;;;
Instant Group AG;Germany;;;;;;;;;;
Wirecard AG;Germany;36,81;28,89;31,53;29,92;28,57;16,13;14,04;15,92;;
TX Group AG;Switzerland;47,43;39,73;16,95;14,83;16,64;;;;;
Borussia Dortmund GmbH & Co KGaA;Germany;55,1;52,92;51,1;47,18;;;;;;
Paragon GmbH & Co KGaA;Germany;23,43;;;;;;;;;
Deutsche Boerse AG;Germany;75,27;77,15;73,32;73,18;73,17;72,19;69,32;66,31;64,53;64,86
Garmin Ltd;Switzerland;60,9;64,24;61,12;56,94;56,88;59,97;54,84;59,1;49,08;63,02
Funkwerk AG;Germany;;;;;;;;;;
Mediclin AG;Germany;39,31;35,05;;;;;;;;
Ls Telcom AG;Germany;;;;;;;;;;
iShares SLI UCITS ETF (DE);Germany;;;;;;;;;;
OHB SE;Germany;45,85;40,87;30,9;32,96;;;;;;
Nebag ag;Switzerland;;;;;;;;;;
Fraport Frankfurt Airport Services Worldwide AG;Germany;79,64;84,68;82,36;83,82;82,2;85,82;86,24;83,5;80,86;75,46
Homag Group AG;Germany;;;;;;;;;;
MCH Group AG;Switzerland;26,92;24,35;20,91;;;;;;;
iShares STOXX Europe 600 Banks UCITS ETF (DE);Germany;;;;;;;;;;
iShares EURO STOXX Banks 30-15 UCITS ETF (DE) Dist;Germany;;;;;;;;;;
Ishares Stoxx Europe 600 Health Care (De);Germany;;;;;;;;;;
iShares STOXX Europe 600 Technology UCITS ETF Dis;Germany;;;;;;;;;;
iShares STOXX Europe 600 Telecommunications (DE);Germany;;;;;;;;;;
iShares Dow Jones Industrial Average (DE);Germany;;;;;;;;;;
init innovation in traffic systems SE;Germany;49,48;44,1;37,47;;;;;;;
Luzerner Kantonalbank AG;Switzerland;13,79;14,34;15,41;12,38;;;;;;
Schilthornbahn AG;Switzerland;;;;;;;;;;
Thermalbad Zurzach AG;Switzerland;;;;;;;;;;
DLB Anlageservice AG;Germany;;;;;;;;;;
PlanetHome Investment AG;Germany;;;;;;;;;;
Interstahl Handel Holding AG;Germany;;;;;;;;;;
Bucher Industries AG;Switzerland;61,3;57,23;53,95;50,3;48,53;;;;;
Beteiligungen im Baltikum AG;Germany;;;;;;;;;;
GBK Beteiligungen AG;Germany;;;;;;;;;;
Shareholder Value Beteiligungen AG;Germany;;;;;;;;;;
Credit Suisse Real Estate Fund Siat A;Switzerland;;;;;;;;;;
Regenbogen AG;Germany;;;;;;;;;;
Aareal Bank AG;Germany;72,88;73,59;73,43;69,7;71,9;67,48;60,64;60,96;54,62;55,14
SOLAR FABRIK AG FUER PRODUKTION UND VERTRIEB VON SOLARTECh PROD;Germany;;;;;;;;;;
iShares STOXX Europe 600 Insurance UCITS ETF (DE);Germany;;;;;;;;;;
iShares STOXX Europe 600 Media UCITS ETF (DE);Germany;;;;;;;;;;
iShares STOXX Europe 600 Pers & Househld Gds (DE);Germany;;;;;;;;;;
iShares STOXX Europe 600 Retail UCITS ETF (DE);Germany;;;;;;;;;;
iShares STOXX Europe 600 Utilities UCITS ETF (DE);Germany;;;;;;;;;;
iShares STOXX Europe 600 Automobiles & Parts Dis;Germany;;;;;;;;;;
Ishares Stoxx Europe 600 Basic Resources (De);Germany;;;;;;;;;;
iShares STOXX Europe 600 Chemicals UCITS ETF (DE);Germany;;;;;;;;;;
iShares STOXX Europe 600 Constr & Materials (DE);Germany;;;;;;;;;;
iShares STOXX Europe 600 Travel & Leisure (DE);Germany;;;;;;;;;;
iShares STOXX Europe 600 Oil & Gas UCITS ETF (DE);Germany;;;;;;;;;;
Ishares Stoxx Europe 600 Financial Services (De);Germany;;;;;;;;;;
iShares STOXX Europe 600 Food & Beverage (DE);Germany;;;;;;;;;;
iShares STOXX Europe 600 Ind Goods & Serv (DE);Germany;;;;;;;;;;
Your Family Entertainment AG;Germany;;;;;;;;;;
Swiss Life Holding AG;Switzerland;74,6;74,47;68,71;65,29;66,38;60,04;54,89;57,08;53,58;55,54
Fonds Immobilier Romand FIR;Switzerland;;;;;;;;;;
Kuros Biosciences AG;Switzerland;30,68;37,42;31,54;;;;;;;
Horus AG;Germany;;;;;;;;;;
Banque Cantonale Vaudoise;Switzerland;63,07;51,05;31,91;34;28,24;25,74;23,63;26,25;25,34;31,08
Paul Hartmann AG;Germany;;;;;;;;;;
iShares eb.rexx(R) Government Germany (DE);Germany;;;;;;;;;;
DNI Beteiligungen AG;Germany;;;;;;;;;;
Bluepool AG;Germany;;;;;;;;;;
Falkenstein Nebenwerte AG;Germany;;;;;;;;;;
Syrakus Holding AG;Germany;;;;;;;;;;
DIC Asset AG;Germany;63,9;60,16;53,68;55,57;;;;;;
iShares eb.rexx(R)Gov Germany 1.5-2.5 (DE) EUR Dis;Germany;;;;;;;;;;
iShares eb.rexx(R) Government Germany 2.5-5.5 (DE);Germany;;;;;;;;;;
iShares eb.rexx(R) Government Ger 5.5-10.5 (DE);Germany;;;;;;;;;;
Sleepz AG;Germany;;;;;;;;;;
Tmc Content Group AG;Switzerland;;;;;;;;;;
iShares Swiss Domestic Government Bond 3-7 (CH);Switzerland;;;;;;;;;;
iShares Swiss Domestic Government Bond 7-15 (CH);Switzerland;;;;;;;;;;
UBS ETF (CH) - SMI® (CHF) A-dis;Switzerland;;;;;;;;;;
iShares STOXX Europe 600 UCITS ETF (DE);Germany;;;;;;;;;;
Scherzer & Co AG;Germany;;;;;;;;;;
Basilea Pharmaceutica AG Allschwil;Switzerland;43,16;40,21;39,37;38,88;41,51;40,47;36,56;43,85;38,94;37,85
HPI AG;Germany;;;;;;;;;;
Activa Resources AG;Germany;;;;;;;;;;
Epigenomics AG;Germany;;;;;;;;;;
Wild Bunch AG;Germany;;;;;;;;;;
NSI Asset AG;Germany;;;;;;;;;;
Salvator Vermoegensverwaltungs GmbH;Germany;;;;;;;;;;
Medios AG;Germany;;;;;;;;;;
Alzchem Group AG;Germany;47,1;31,55;22,67;;;;;;;
Trade & Value AG;Germany;;;;;;;;;;
USU Software AG;Germany;47,66;41,54;;;;;;;;
sino AG;Germany;;;;;;;;;;
Deutsche Cannabis AG;Germany;;;;;;;;;;
Ypsomed Holding AG;Switzerland;52,98;50,86;44,09;36,35;32,02;;;;;
Phoenix Solar AG;Germany;;;;;;;;;;
InTiCa Systems SE;Germany;36,08;33,54;12,81;;;;;;;
Heliad Equity Partners GmbH & Co KGaA;Germany;;;;;;;;;;
SES Solar Inc;Switzerland;;;;;;;;;;
iShares Pfandbriefe UCITS ETF (DE);Germany;;;;;;;;;;
Emmi AG;Switzerland;56,66;55,47;48,05;47,25;45,87;34,38;35,09;46,69;46,78;41,47
iShares SMIM® ETF (CH);Switzerland;;;;;;;;;;
FlashZero Corp;Germany;;;;;;;;;;
bet-at-home.com AG;Germany;28,29;26,25;21,6;13,73;11,19;;;;;
Lanxess AG;Germany;82,55;80,88;77,88;75,29;64,57;63,48;69,08;67,24;69,06;66,69
Paion AG;Germany;;;;;;;;;;
Deutsche Bank Dax Dvg;Germany;;;;;;;;;;
Dottikon Es Holding AG;Switzerland;7,14;7,8;;;;;;;;
iShares STOXX Europe Large 200 UCITS ETF (DE);Germany;;;;;;;;;;
iShares DivDAX® (DE);Germany;;;;;;;;;;
iShares STOXX Europe Mid 200 (DE);Germany;;;;;;;;;;
iShares STOXX Europe Small 200 UCITS ETF (DE);Germany;;;;;;;;;;
Schnigge Capital Markets SE;Germany;;;;;;;;;;
Nordex SE;Germany;80,51;78,97;73,6;52,24;50,01;;;;;
Evolva Holding SA;Switzerland;17,57;17,68;13,98;13,78;;;;;;
iShares EURO STOXX Select Dividend 30 UCITS ETF DE;Germany;;;;;;;;;;
iShares STOXX Europe Select Dividend 30 (DE);Germany;;;;;;;;;;
iShares EURO STOXX UCITS ETF (DE);Germany;;;;;;;;;;
MTU Aero Engines AG;Germany;83,18;85,39;80,21;82,23;76,58;78,11;73,87;53,05;52,28;50,22
MEDIQON Group AG;Germany;;;;;;;;;;
Coreo AG;Germany;;;;;;;;;;
Franconofurt AG;Germany;;;;;;;;;;
RCM Beteiligungs AG;Germany;;;;;;;;;;
iShares SMI® ETF (CH);Switzerland;;;;;;;;;;
Ifa Systems AG;Germany;;;;;;;;;;
Mobimo Holding AG;Switzerland;68,06;67,82;65,77;60,26;59,88;53,74;55,78;55,66;48,27;46,83
Rim AG;Germany;;;;;;;;;;
Vaudoise Assurances Holding SA;Switzerland;;;;;;;;;;
INTERSHOP Communications AG;Germany;;;;;;;;;;
OPENLIMIT HOLDING in Liquidation AG;Switzerland;;;;;;;;;;
Sunline AG;Germany;;;;;;;;;;
Global PVQ SE;Germany;58,81;47,72;48,95;46,36;42,44;20,84;7,21;;;
Ernst Russ AG;Germany;;;;;;;;;;
CD Deutsche Eigenheim AG;Germany;;;;;;;;;;
iShares eb.rexx(R) Government Germany 10.5+ (DE);Germany;;;;;;;;;;
iShares Dow Jones U.S. Select Dividend (DE);Germany;;;;;;;;;;
EFG International AG;Switzerland;50,05;43,98;30,27;32,32;20,91;17,52;17,17;19,74;19,43;18,43
iShares ATX (DE);Germany;;;;;;;;;;
ZEAL Network SE;Germany;;;;;;;;;;
Laiqon AG;Germany;;;;;;;;;;
Seven Principles AG;Germany;;;;;;;;;;
Hoher Kasten Drehrestaurant und Seilbahn AG;Switzerland;;;;;;;;;;
Saastal Bergbahnen AG;Switzerland;;;;;;;;;;
Plaston Holding AG Widnau;Switzerland;;;;;;;;;;
HBM Healthcare Investments AG;Switzerland;17,33;16,08;16,21;9,47;;;;;;
Bank in Zuzwil AG;Switzerland;;;;;;;;;;
Lienhardt & Partner Privatbank Zuerich AG;Switzerland;;;;;;;;;;
Ersparniskasse Affoltern iE AG;Switzerland;;;;;;;;;;
Regiobank Maennedorf AG;Switzerland;;;;;;;;;;
Leihkasse Stammheim AG;Switzerland;;;;;;;;;;
Spar- und Leihkasse Bucheggberg AG;Switzerland;;;;;;;;;;
Spar- und Leihkasse Frutigen AG;Switzerland;;;;;;;;;;
Bank SLM AG;Switzerland;;;;;;;;;;
SB Saanen Bank AG;Switzerland;;;;;;;;;;
Spar und Leihkasse Wynigen AG;Switzerland;;;;;;;;;;
Clientis Sparkasse Oftringen Genossenschaft;Switzerland;;;;;;;;;;
Seehuegel Rueschlikon AG in Liquidation;Switzerland;;;;;;;;;;
Bank Oberaargau AG;Switzerland;;;;;;;;;;
Suvretta Haus AG;Switzerland;;;;;;;;;;
Agruna AG;Switzerland;;;;;;;;;;
Aluminium Laufen AG Liesberg;Switzerland;;;;;;;;;;
Arosa Bergbahnen AG;Switzerland;;;;;;;;;;
Auto AG Schwyz;Switzerland;;;;;;;;;;
Badrutt's Palace Hotel AG;Switzerland;;;;;;;;;;
Kongresshaus Zuerich AG;Switzerland;;;;;;;;;;
Loewengarten AG;Switzerland;;;;;;;;;;
BuchsMedien AG;Switzerland;;;;;;;;;;
Ferien und Sportzentrum Hoch Ybrig AG;Switzerland;;;;;;;;;;
Patiswiss AG;Switzerland;;;;;;;;;;
Kursaal Bern AG;Switzerland;;;;;;;;;;
Compagnie de Chemin de Fer et d'Autobus Sierre Montana Crans SMC SA;Switzerland;;;;;;;;;;
Bergbahnen Spluegen Tambo AG Spluegen;Switzerland;;;;;;;;;;
Dolder Hotel AG;Switzerland;;;;;;;;;;
Eskimo Textil AG;Switzerland;;;;;;;;;;
ebs Erdgas & Biogas AG;Switzerland;;;;;;;;;;
Genossenschaft Lenk Bergbahnen;Switzerland;;;;;;;;;;
Bergbahnen Destination Gstaad AG;Switzerland;;;;;;;;;;
Heim im Bergli AG;Switzerland;;;;;;;;;;
Portes du Soleil Suisse SA;Switzerland;;;;;;;;;;
Cresta Palace Celerina AG;Switzerland;;;;;;;;;;
Kursaal Interlaken Holding AG;Switzerland;;;;;;;;;;
Brunni Bahnen Engelberg AG;Switzerland;;;;;;;;;;
Luftseilbahn Grindelwald Pfingstegg AG;Switzerland;;;;;;;;;;
Luftseilbahn Jakobsbad Kronberg AG;Switzerland;;;;;;;;;;
Luftseilbahn Wasserauen Ebenalp AG;Switzerland;;;;;;;;;;
Luftseilbahn Wengen Maennlichen AG;Switzerland;;;;;;;;;;
Lyceum Alpinum Zuoz AG;Switzerland;;;;;;;;;;
Schauspielhaus Zuerich AG;Switzerland;;;;;;;;;;
Opernhaus Zuerich AG;Switzerland;;;;;;;;;;
Parkhotel Giessbach AG;Switzerland;;;;;;;;;;
Inovil SA;Switzerland;;;;;;;;;;
Radio Zuerisee AG;Switzerland;;;;;;;;;;
Railtour Suisse SA;Switzerland;;;;;;;;;;
Raststaette Thurau AG;Switzerland;;;;;;;;;;
Gotthard Raststaette A2 Uri AG;Switzerland;;;;;;;;;;
Reishauer Beteiligungen AG;Switzerland;;;;;;;;;;
Rhaetische Bahn AG RhB;Switzerland;;;;;;;;;;
Bergbahnen Hohsaas AG;Switzerland;;;;;;;;;;
Schifffahrtsgesellschaft Hallwilersee AG;Switzerland;;;;;;;;;;
Schweizerische Schifffahrtsgesellschaft Untersee Und Rhein AG;Switzerland;;;;;;;;;;
Sattel Hochstuckli AG;Switzerland;;;;;;;;;;
Sportbahnen Pischa AG LDP;Switzerland;;;;;;;;;;
Zuercher Landbank AG;Switzerland;;;;;;;;;;
Sursee-Triengen-Bahn AG;Switzerland;;;;;;;;;;
Treib Seelisberg Bahn AG;Switzerland;;;;;;;;;;
Tuwag Immobilien AG;Switzerland;;;;;;;;;;
Waedi Brau Huus AG;Switzerland;;;;;;;;;;
Zoologischer Garten Basel AG;Switzerland;;;;;;;;;;
Zuercher Engros Markthalle AG;Switzerland;;;;;;;;;;
Niederhornbahn AG;Switzerland;;;;;;;;;;
Casino de Montreux SA;Switzerland;;;;;;;;;;
Stoosbahnen AG;Switzerland;;;;;;;;;;
ZSC Lions AG;Switzerland;;;;;;;;;;
DKSH Holding AG;Switzerland;75,55;75,51;72,73;56;49,45;24,17;21,78;9,46;11,54;
Zoo Zuerich AG;Switzerland;;;;;;;;;;
Pilatus Bahnen AG;Switzerland;;;;;;;;;;
Stadtcasino Baden AG;Switzerland;;;;;;;;;;
Camerit AG;Germany;;;;;;;;;;
MNP Petroleum Corp;Switzerland;;;;;;;;;;
NanoFocus AG;Germany;;;;;;;;;;
VIB Vermoegen AG;Germany;;;;;;;;;;
mVISE AG;Germany;;;;;;;;;;
CLIQ Digital AG;Germany;;;;;;;;;;
JDC Group AG;Germany;;;;;;;;;;
Savognin Bergbahnen AG;Switzerland;;;;;;;;;;
Haemato AG;Germany;;;;;;;;;;
Dufry AG;Switzerland;56,37;53,47;53,16;53;36,04;36,58;31,31;30,27;29,24;23,03
4Sc AG;Germany;;;;;;;;;;
Hoevelrat Holding AG;Germany;;;;;;;;;;
Plan Optik AG;Germany;;;;;;;;;;
Independent Capital AG;Germany;;;;;;;;;;
Lehner Investments AG;Germany;;;;;;;;;;
BAVARIA Industries Group AG;Germany;;;;;;;;;;
Adev Wasserkraftwerk AG;Switzerland;;;;;;;;;;
HBB Holding AG;Switzerland;;;;;;;;;;
Rigi Bahnen AG;Switzerland;;;;;;;;;;
Transports publics fribourgeois Holding TPF SA;Switzerland;;;;;;;;;;
Skilift AG Innereriz;Switzerland;;;;;;;;;;
Jaquet SA;Switzerland;;;;;;;;;;
Societe Cooperative dhabitation La Serpentine;Switzerland;;;;;;;;;;
La Maison Ouvriere C SA;Switzerland;;;;;;;;;;
Smartbroker Holding AG;Germany;;;;;;;;;;
Partners Group Holding AG;Switzerland;61,49;54,41;47,95;47,08;39,51;39,7;24,04;21,56;18,75;15,16
Immovaria Real Estate AG;Germany;;;;;;;;;;
Implenia AG;Switzerland;64,72;63,78;63,45;52,28;48,39;;;;;
Bergbahnen Brigels Waltensburg Andiast SA;Switzerland;;;;;;;;;;
Patrizia SE;Germany;55,92;60,39;52,01;42,95;36,33;;;;;
Abn Mkt Rici Chf;Germany;;;;;;;;;;
Air Berlin Plc;Germany;;;;;;;;;;
ZKB Gold ETF AA CHF;Switzerland;;;;;;;;;;
Ecotel Communication AG;Germany;;;;;;;;;;
Wacker Chemie AG;Germany;75,64;67,76;67,8;65,28;53,19;55,17;53,13;51,39;56,33;53,54
Deutsche Wohnen SE;Germany;83,17;76,96;67,76;71,18;71,61;53,46;47,81;48,71;38,86;39
iShares NASDAQ-100® UCITS ETF (DE);Germany;;;;;;;;;;
iShares Dow Jones AsPac Sel Div 50 UCITS ETF (DE);Germany;;;;;;;;;;
iShares Dow Jones China Offshore 50 (DE);Germany;;;;;;;;;;
Ishares Dow Jones Euro Stoxx Sustainability AG;Germany;;;;;;;;;;
Bio-Gate AG;Germany;;;;;;;;;;
SFC Energy AG;Germany;27,11;29,46;;;;;;;;
Kloeckner & Co SE;Germany;66,17;56,46;51,15;48,95;50,11;51,48;47,05;46,79;47,67;46,58
MBB SE;Germany;46,41;32,79;39,36;16,8;17,45;;;;;
DISO Verwaltungs AG;Germany;;;;;;;;;;
Viscom AG;Germany;37,8;27,71;21,9;;;;;;;
EQS Group AG;Germany;;;;;;;;;;
Burckhardt Compression Holding AG;Switzerland;47,85;40,99;40,42;29,58;;;;;;
Yoc AG;Germany;;;;;;;;;;
Wacker Neuson SE;Germany;67,34;58,05;52,36;30,23;15,8;;;;;
Bauer AG;Germany;42,3;42,1;;;;;;;;
Datagroup SE;Germany;25,69;;;;;;;;;
Gateway Real Estate AG;Germany;;;;;;;;;;
Artec Technologies AG;Germany;;;;;;;;;;
Coltene Holding AG;Switzerland;58;51,79;31,97;19,35;;;;;;
Itn Nanovation AG;Germany;;;;;;;;;;
Vivanco Gruppe AG;Germany;;;;;;;;;;
CGift AG;Germany;;;;;;;;;;
Arbitrage Investment AG;Germany;;;;;;;;;;
Hochdorf Holding AG;Switzerland;28,22;22,81;23,65;;;;;;;
Biofrontera AG;Germany;;;;;;;;;;
Endor AG;Germany;;;;;;;;;;
ISC Business Technology AG;Switzerland;;;;;;;;;;
iShares Euro Government Bond Capped 1.5-10.5yr(DE);Germany;;;;;;;;;;
AURELIUS Equity Opportunities SE & Co KgaA;Germany;35,03;27,67;19,61;23,42;;;;;;
Sci AG;Germany;;;;;;;;;;
iShares Nikkei 225® UCITS ETF (DE);Germany;;;;;;;;;;
Ripag AG;Germany;;;;;;;;;;
OVB Holding AG;Germany;50,01;52,95;13,53;;;;;;;
Demire Deutsche Mittelstand Real Estate AG;Germany;30,1;;;;;;;;;
RIXX Invest AG;Germany;;;;;;;;;;
Q2M Managementberatung AG;Germany;;;;;;;;;;
Swissinvest Real Estate Investment Fund;Switzerland;;;;;;;;;;
GWB Immobilien AG;Germany;;;;;;;;;;
CropEnergies AG;Germany;53,46;57,26;51,34;;;;;;;
iShares STOXX Europe 600 Real Estate (DE);Germany;;;;;;;;;;
Manz AG;Germany;48,29;49,08;50,31;;;;;;;
Pyramid AG;Germany;;;;;;;;;;
Ivestos AG;Germany;;;;;;;;;;
Muehlhan AG;Germany;8,92;4,54;;;;;;;;
HELMA Eigenheimbau AG;Germany;;;;;;;;;;
Elexxion AG;Germany;;;;;;;;;;
Verbio Vereinigte Bioenergie AG;Germany;56,62;57,93;53,91;45,59;30,78;;;;;
Tradegate AG Wertpapierhandelsbank;Germany;;;;;;;;;;
Lang & Schwarz AG;Germany;;;;;;;;;;
Edisun Power Europe AG;Switzerland;10,68;4,78;6,75;3,44;;;;;;
Accentro Real Estate AG;Germany;;;;;;;;;;
iShares Diversified Commodity Swap (DE);Germany;;;;;;;;;;
Blue Cap AG;Germany;40,96;30,71;;;;;;;;
Quirin Privatbank AG;Germany;;;;;;;;;;
Heidelberg Pharma AG;Germany;;;;;;;;;;
Delticom AG;Germany;;;;;;;;;;
Santhera Pharmaceuticals Holding AG;Switzerland;16,6;17,38;;;;;;;;
Meyer Burger Technology AG;Switzerland;56,5;60,37;65,83;64,72;69,43;69,02;57,37;49,72;42,73;39,24
MHP Hotel AG;Germany;;;;;;;;;;
Symrise AG;Germany;77,8;77,28;73,85;69,02;71,49;68,6;62,97;66,62;63,46;70,76
Binect AG;Germany;;;;;;;;;;
New Work SE;Germany;52,46;53,49;49,18;43,87;46,74;;;;;
MARNA Beteiligungen AG;Germany;;;;;;;;;;
Nabaltec AG;Germany;26,55;24;20,55;;;;;;;
Going Public Media AG;Germany;;;;;;;;;;
Francotyp Postalia Holding AG;Germany;51,17;53,66;55,79;41,16;;;;;;
Sbf AG;Germany;;;;;;;;;;
aovo Touristik AG;Germany;;;;;;;;;;
Swiss Estates AG;Switzerland;;;;;;;;;;
UET United Electronic Technology AG;Germany;;;;;;;;;;
bioXXmed AG;Germany;;;;;;;;;;
Secanda AG;Germany;;;;;;;;;;
OTI Greentech AG;Germany;;;;;;;;;;
Varengold Bank AG;Germany;;;;;;;;;;
Halloren Schokoladenfabrik AG;Germany;;;;;;;;;;
Finlab AG;Germany;;;;;;;;;;
Aquamondi AG;Germany;;;;;;;;;;
Energy Holdings Inc;Switzerland;;;;;;;;;;
alstria office REIT AG;Germany;88,7;88,1;81,07;69,29;65,1;;;;;
SMT Scharf AG;Germany;;;;;;;;;;
Evonik Industries AG;Germany;88,84;89,12;89,04;85,88;86,95;88,23;88,08;87,31;84,01;75,86
HanseYachts AG;Germany;22,99;;;;;;;;;
Vectron Systems AG;Germany;;;;;;;;;;
VZ Holding AG;Switzerland;31,39;33,94;27,86;27,35;;;;;;
SKAN Group AG;Switzerland;;;;;;;;;;
freenet AG;Germany;39,89;39,32;34,47;35,33;33,89;16,95;16,72;10,19;7,52;14,94
Baumot Group AG;Germany;;;;;;;;;;
InCity Immobilien AG;Germany;;;;;;;;;;
TE Connectivity Ltd;Switzerland;72,33;70,46;69,29;64,31;62,77;64,17;64,54;54,35;51,31;57,78
Vita 34 AG;Germany;;;;;;;;;;
HWA AG;Germany;;;;;;;;;;
Gerresheimer AG;Germany;71,41;78,84;75,02;73,7;70,75;57,27;52,91;43,39;45,67;36,74
Addex Therapeutics Ltd;Switzerland;17,72;22,05;22,84;19,16;16,97;11,23;6,78;11,85;16,48;9,12
DF Deutsche Forfait AG;Germany;;;;;;;;;;
ZKB Palladium ETF AA CHF;Switzerland;;;;;;;;;;
ZKB Platinum ETF AA CHF;Switzerland;;;;;;;;;;
InVision AG;Germany;;;;;;;;;;
Steico SE;Germany;30,82;29,75;;;;;;;;
Ferrexpo PLC;Switzerland;79,02;68,33;70,66;67,34;63,19;58,48;57,73;57,98;54,7;55,08
ERWE Immobilien AG;Germany;;;;;;;;;;
Nynomic AG;Germany;;;;;;;;;;
Zhongde Waste Technology AG;Germany;;;;;;;;;;
Magforce AG;Germany;;;;;;;;;;
EnviTec Biogas AG;Germany;9,82;4,6;;;;;;;;
Diok One AG;Germany;;;;;;;;;;
Saf-Holland Se;Germany;63,16;62,33;62,11;57,42;58,2;;;;;
Palatium Real Estate AG;Germany;;;;;;;;;;
iShares SLI® ETF (CH);Switzerland;;;;;;;;;;
DBAG XXX3;Germany;;;;;;;;;;
DBAG XXX4;Germany;;;;;;;;;;
DBAG XXX2;Germany;;;;;;;;;;
DBAG XXX5;Germany;;;;;;;;;;
DBAG XXX1;Germany;;;;;;;;;;
Hamburger Hafen und Logistik AG;Germany;69,56;72,29;68,37;55,84;51,64;47,57;45,81;46,05;46,96;47,52
HAMMONIA Schiffsholding AG;Germany;;;;;;;;;;
Blockchain Infrastructure Group AG;Germany;;;;;;;;;;
2G Energy AG;Germany;40,32;35,59;;;;;;;;
Q Capital AG;Switzerland;;;;;;;;;;
Lalique Group SA;Switzerland;21,58;18,65;20,32;;;;;;;
Ringmetall SE;Germany;31,75;18,02;14,41;;;;;;;
Fair Value REIT-AG;Germany;;;;;;;;;;
Sandpiper Digital Payments AG;Switzerland;2,56;2,05;;;;;;;;
Delignit AG;Germany;;;;;;;;;;
Mobotix AG;Germany;;;;;;;;;;
Backbone Technology AG;Germany;;;;;;;;;;
Hypoport SE;Germany;49,85;50,5;47,6;38,43;42,36;;;;;
Centrotherm International AG;Germany;23,2;19,65;19,38;22,78;16,31;14,24;15,19;19,58;20,6;38,03
UBS ETF (CH) SLI (CHF) A dis;Switzerland;;;;;;;;;;
Hande Health AG;Germany;;;;;;;;;;
U Blox Holding AG;Switzerland;42,31;41,47;35,05;28,93;;;;;;
Niiio Finance Group AG;Germany;;;;;;;;;;
Global Oil & Gas AG;Germany;;;;;;;;;;
Mevis Medical Solutions AG;Germany;;;;;;;;;;
Value-Holdings International AG;Germany;;;;;;;;;;
Dbag Dem Inav2 Etf;Germany;;;;;;;;;;
AHT Syngas Technology NV;Germany;;;;;;;;;;
Vtion Wireless Technology AG;Germany;;;;;;;;;;
ENR Russia Invest SA;Switzerland;8,04;9,2;9,14;;;;;;;
Daldrup & Soehne AG;Germany;;;;;;;;;;
SF Urban Properties AG;Switzerland;;;;;;;;;;
Fonterelli GmbH & Co KgaA;Germany;;;;;;;;;;
audius SE;Germany;;;;;;;;;;
Credit Suisse Real Estate Fund LivingPlus A;Switzerland;;;;;;;;;;
Bonhote Immobilier SICAV - BIM;Switzerland;;;;;;;;;;
Janosch film & medien AG;Germany;;;;;;;;;;
Deka STOXX® Europe Strong Style Comp 40 UCITS ETF;Germany;;;;;;;;;;
Etflab Stoxx Europe Strong Value 20;Germany;;;;;;;;;;
Etflab Euro Stoxx 50;Germany;;;;;;;;;;
Etflab Stoxx Europe Strong Growth 20;Germany;;;;;;;;;;
Etflab Dax;Germany;;;;;;;;;;
Orascom Development Holding AG;Switzerland;18,16;19,97;20,17;16,19;10,03;;;;;
Advides AG;Germany;;;;;;;;;;
L-KONZEPT Holding AG;Germany;;;;;;;;;;
Grounds Real Estate Development AG;Germany;;;;;;;;;;
Smart Equity AG;Germany;;;;;;;;;;
Zooplus SE;Germany;49,76;50,08;50,31;;;;;;;
GK Software SE;Germany;50,42;48,87;39,85;;;;;;;
Burkhalter Holding AG;Switzerland;27,56;28,03;20,78;9,12;;;;;;
Mutares SE & Co KgaA;Germany;37,58;39,24;29,36;;;;;;;
Db X Tracker Stoxx 600 Tel Short ETF;Germany;;;;;;;;;;
Deka DAX® (ausschuettend) UCITS ETF;Germany;;;;;;;;;;
Etflab Euro Stoxx Select Dividend 30;Germany;;;;;;;;;;
SMA Solar Technology AG;Germany;65,49;64,64;67,82;;;;;;;
Matador Secondary Private Equity AG;Switzerland;;;;;;;;;;
Afrika Gold AG;Switzerland;;;;;;;;;;
iShares eb.rexx Gov Germany 0-1yr UCITS ETF EUR D;Germany;;;;;;;;;;
Deka MSCI Europe LC UCITS ETF;Germany;;;;;;;;;;
Deka MSCI USA LC UCITS ETF;Germany;;;;;;;;;;
Deka MSCI Japan LC UCITS ETF;Germany;;;;;;;;;;
Smart Grids AG;Germany;;;;;;;;;;
Berentzen Gruppe AG;Germany;62,62;46,57;;;;;;;;
Advanced Blockchain AG;Germany;;;;;;;;;;
New Meat Company AG;Germany;;;;;;;;;;
CR Capital AG;Germany;;;;;;;;;;
UMT United Mobility Technology AG;Germany;;;;;;;;;;
NanoRepro AG;Germany;;;;;;;;;;
HMS Bergbau AG;Germany;;;;;;;;;;
Ecolutions GmbH & Co KgaA;Germany;;;;;;;;;;
ZKB Silver ETF AA CHF;Switzerland;;;;;;;;;;
Deka STOXX Europe 50 UCITS ETF;Germany;;;;;;;;;;
Deka iBoxx EUR Liq Sovereign Div 1-3 UCITS ETF;Germany;;;;;;;;;;
Deka iBoxx EUR Liq Sovereign Div 3-5 UCITS ETF;Germany;;;;;;;;;;
Deka iBoxx EUR Liq Sovereign Div 10+ UCITS ETF;Germany;;;;;;;;;;
Deka iBoxx EUR Liq Sovereign Div 5-7 UCITS ETF;Germany;;;;;;;;;;
Deka iBoxx EUR Liq Sovereign Div 1-10 UCITS ETF;Germany;;;;;;;;;;
Deka iBoxx EUR Liq Sovereign Div 7-10 UCITS ETF;Germany;;;;;;;;;;
Deka Deutsche Boerse EUROGOV® Ger 5-10 UCITS ETF;Germany;;;;;;;;;;
Deka Deutsche Boerse EUROGOV® Ger 1-3 UCITS ETF;Germany;;;;;;;;;;
Deka Deutsche Boerse EUROGOV® Ger UCITS ETF;Germany;;;;;;;;;;
Deka Deutsche Boerse EUROGOV® Ger 3-5 UCITS ETF;Germany;;;;;;;;;;
Deka Deutsche Boerse EUROGOV® GeMoMa UCITS ETF;Germany;;;;;;;;;;
Deka Deutsche Boerse EUROGOV® Ger 10+ UCITS ETF;Germany;;;;;;;;;;
Dow Jones EURO STOXX 50 Source ETF;Germany;;;;;;;;;;
Invesco FTSE 100 UCITS ETF Acc;Germany;;;;;;;;;;
Deka DAXplus® Maximum Dividend UCITS ETF;Germany;;;;;;;;;;
DBAG DEMO 6 INDEX ETF;Germany;;;;;;;;;;
DBAG DEMO 3 INDEX ETF;Germany;;;;;;;;;;
DBAG DEMO 1 INDEX ETF;Germany;;;;;;;;;;
DBAG DEMO 4 INDEX ETF;Germany;;;;;;;;;;
DBAG DEMO 5 INDEX ETF;Germany;;;;;;;;;;
DBAG DEMO 7 INDEX ETF;Germany;;;;;;;;;;
DBAG DEMO 8 INDEX ETF;Germany;;;;;;;;;;
DBAG DEMO 9 INDEX ETF;Germany;;;;;;;;;;
DBAG DEMO 10 INDEX;Germany;;;;;;;;;;
FC Wertmanagement GmbH;Germany;;;;;;;;;;
DBAG Demo 16 ETF;Germany;;;;;;;;;;
DBAG Demo 15 ETF;Germany;;;;;;;;;;
DBAG Demo 20 ETF;Germany;;;;;;;;;;
DBAG Demo 14 ETF;Germany;;;;;;;;;;
DBAG Demo 43 ETF;Germany;;;;;;;;;;
DBAG Demo 25 ETF;Germany;;;;;;;;;;
DBAG Demo 45 ETF;Germany;;;;;;;;;;
DBAG Demo 49 ETF;Germany;;;;;;;;;;
DBAG Demo 39 ETF;Germany;;;;;;;;;;
DBAG Demo 21 ETF;Germany;;;;;;;;;;
DBAG Demo 30 ETF;Germany;;;;;;;;;;
DBAG Demo 35 ETF;Germany;;;;;;;;;;
DBAG Demo 36 ETF;Germany;;;;;;;;;;
DBAG Demo 50 ETF;Germany;;;;;;;;;;
DBAG Demo 23 ETF;Germany;;;;;;;;;;
DBAG Demo 19 ETF;Germany;;;;;;;;;;
DBAG Demo 46 ETF;Germany;;;;;;;;;;
DBAG Demo 33 ETF;Germany;;;;;;;;;;
DBAG Demo 40 ETF;Germany;;;;;;;;;;
DBAG Demo 47 ETF;Germany;;;;;;;;;;
DBAG Demo 48 ETF;Germany;;;;;;;;;;
DBAG Demo 34 ETF;Germany;;;;;;;;;;
DBAG Demo 41 ETF;Germany;;;;;;;;;;
DBAG Demo 13 ETF;Germany;;;;;;;;;;
DbAG Demo Inav32;Germany;;;;;;;;;;
DBAG Demo 24 ETF;Germany;;;;;;;;;;
DBAG Demo 22 ETF;Germany;;;;;;;;;;
DBAG Demo 18 ETF;Germany;;;;;;;;;;
DBAG Demo 26 ETF;Germany;;;;;;;;;;
DBAG Demo 17 ETF;Germany;;;;;;;;;;
DBAG Demo 29 ETF;Germany;;;;;;;;;;
DBAG Demo 27 ETF;Germany;;;;;;;;;;
DBAG Demo 37 ETF;Germany;;;;;;;;;;
DBAG Demo 31 ETF;Germany;;;;;;;;;;
DBAG Demo 38 ETF;Germany;;;;;;;;;;
DBAG Demo 42 ETF;Germany;;;;;;;;;;
DBAG Demo 44 ETF;Germany;;;;;;;;;;
National Graphite Corp;Germany;;;;;;;;;;
flatexDEGIRO AG;Germany;66,73;42,66;35,11;14,35;12,65;;;;;
Deka iBoxx EUR Liquid Sovereign Diversified 5-7 UCITS ETF;Germany;;;;;;;;;;
Deka MSCI Europe MC UCITS ETF;Germany;;;;;;;;;;
Deka MSCI USA UCITS ETF;Germany;;;;;;;;;;
Deka iBoxx EUR Liquid Sovereign Diversified 7-10 UCITS ETF;Germany;;;;;;;;;;
Deka MSCI Japan UCITS ETF;Germany;;;;;;;;;;
Deka MSCI Japan Climate Change ESG UCITS ETF;Germany;;;;;;;;;;
Realstone Swiss Property;Switzerland;;;;;;;;;;
Swisscanto ETF PM Physical Gold A;Switzerland;;;;;;;;;;
Octagon 88 Resources Inc;Switzerland;;;;;;;;;;
Sektkellerei J Oppmann AG;Germany;;;;;;;;;;
Relief Therapeutics Holding SA;Switzerland;20,06;19,83;12,17;9,6;;;;;;
ESGTI AG;Switzerland;;;;;;;;;;
Julius Baer Gruppe AG;Switzerland;72,06;73,91;72,7;63,05;62,79;63,5;54,84;45,15;40,87;41,51
iShares Gold ETF (CH);Switzerland;;;;;;;;;;
iShares Gold EUR Hedged ETF (CH);Switzerland;;;;;;;;;;
iShares Gold CHF Hedged ETF CH;Switzerland;;;;;;;;;;
iShares STOXX Global Select Dividend 100 (DE);Germany;;;;;;;;;;
KPS AG;Germany;40,28;33,82;25,75;;;;;;;
Teleservice AG;Germany;;;;;;;;;;
UBS ETF (CH) - Gold (CHF) hedged (CHF) A-dis;Switzerland;;;;;;;;;;
Deka iBoxx EUR Liq Ger Covered Divers UCITS ETF;Germany;;;;;;;;;;
Otrs AG;Germany;;;;;;;;;;
Swisscanto ETF PM Physical Palladium A;Switzerland;;;;;;;;;;
Swisscanto ETF PM Physical Platinum USD A;Switzerland;;;;;;;;;;
Swisscanto ETF PM Physical Silver USD A;Switzerland;;;;;;;;;;
UBS ETF (CH) - Gold (USD) A-dis;Switzerland;;;;;;;;;;
UBS ETF (CH) - Gold (EUR) hedged (EUR) A-dis;Switzerland;;;;;;;;;;
Murphy & Spitz Green Capital AG;Germany;;;;;;;;;;
GIEAG Immobilien AG;Germany;;;;;;;;;;
Deka iBoxx EUR Liq Corporates Divers UCITS ETF;Germany;;;;;;;;;;
TOM TAILOR Holding SE;Germany;;;;;;;;;;
Kabel Deutschland Holding AG;Germany;19,88;14,04;8,86;19,24;18,37;21,1;20,76;23,3;33,66;23,58
Brenntag SE;Germany;64,42;61,8;63,44;59,83;62,49;56,53;57,04;42,06;37,6;29,1
Orior AG;Switzerland;62,28;54,59;61,43;46,04;42,39;;;;;
db x-tr. Euro Stoxx 50 1C SEK ETF;Germany;;;;;;;;;;
db x-tr. STOXX 600 BANKS 1C SEK ETF;Germany;;;;;;;;;;
Deutsche Rohstoff AG;Germany;;;;;;;;;;
GSW Immobilien AG;Germany;34,37;35,62;;;;;;;;
Deutsche Biotech Innovativ AG;Germany;;;;;;;;;;
UBS (CH) Fund Solutions CMCI Oil SF ETF (USD) Adis;Switzerland;;;;;;;;;;
Draegerwerk AG & Co KGaA;Germany;72,1;73,2;70,9;68,49;56,23;;;;;
Deka MSCI China ex A Shares UCITS ETF;Germany;;;;;;;;;;
Deka MSCI Emerging Markets UCITS ETF;Germany;;;;;;;;;;
Stroeer SE & Co KgaA;Germany;76,7;79,81;57,84;40,14;23,11;19,55;;;;
Tonkens Agrar AG;Germany;;;;;;;;;;
BHB Brauholding Bayern-Mitte AG;Germany;;;;;;;;;;
MSCI Russia ETF;Germany;;;;;;;;;;
UBS (CH) Fund Solutions CMCI Oil SF ETF (CHF) Adis;Switzerland;;;;;;;;;;
Stern Immobilien AG;Germany;;;;;;;;;;
Peach Property Group AG;Switzerland;31,53;25,12;24,38;;;;;;;
Formycon AG;Germany;;;;;;;;;;
MediNavi AG;Germany;;;;;;;;;;
UBS ETF (CH) - Palladium (USD) A-dis;Switzerland;;;;;;;;;;
UBS ETF (CH) - Silver (USD) A-dis;Switzerland;;;;;;;;;;
Credit Suisse Real Estate Fund Hospitality A;Switzerland;;;;;;;;;;
UBS ETF (CH) - SBI® Corporate ESG (CHF) A-dis;Switzerland;;;;;;;;;;
UBS ETF (CH)-SBI® AAA-BBB ESG (CHF) A-dis;Switzerland;;;;;;;;;;
Hapag Lloyd AG;Germany;79;61,74;69,2;65,71;67,28;63,11;;;;
Pearl Gold AG;Germany;;;;;;;;;;
Mountain Alliance AG;Germany;;;;;;;;;;
Firstcaution SA;Switzerland;;;;;;;;;;
Talanx AG;Germany;81,29;83,84;69,47;50,94;;;;;;
Deka Deutsche Boerse EUROGOV® France UCITS ETF;Germany;;;;;;;;;;
Deka iBoxx EUR Liq Non-Financials Divers UCITS ETF;Germany;;;;;;;;;;
Edmond de Rothschild Real Estate SICAV;Switzerland;;;;;;;;;;
Norma Group SE;Germany;84,12;83,47;84,16;81,22;75,11;;;;;
Datron AG;Germany;;;;;;;;;;
UBS ETF (CH) - SXI Real Estate® (CHF) A-dis;Switzerland;;;;;;;;;;
clearvise AG;Germany;;;;;;;;;;
Autoneum Holding AG;Switzerland;70,96;67,68;69,35;68,42;64,24;;;;;
Glencore PLC;Switzerland;89,53;88,93;91,67;90,5;90,11;91,78;89,19;88,74;84,7;82,1
Fundamenta Real Estate AG;Switzerland;;;;;;;;;;
Swiss Re AG;Switzerland;82,69;84,56;74;72,89;68,01;65,71;76,95;75,99;79,31;74,98
Shw AG;Germany;18,27;18,22;14,98;;;;;;;
Altech Advanced Materials AG;Germany;;;;;;;;;;
UBS ETF (CH) - SPI® Mid (CHF) A-dis;Switzerland;;;;;;;;;;
UBS ETF (CH) - SPI® (CHF) A-dis;Switzerland;;;;;;;;;;
Molecular Partners AG;Switzerland;44,34;44,6;40,05;32,51;36,68;;;;;
Lion E Mobility AG;Switzerland;;;;;;;;;;
Medondo Holding AG;Germany;;;;;;;;;;
HELLA GmbH & Co KGaA;Germany;66,49;63,25;59,29;45,45;43,13;;;;;
Cavotec SA;Switzerland;35,9;17,02;7,46;;;;;;;
BKW AG;Switzerland;43,13;47,48;27,02;17,37;15,17;24,77;;;;
Raiffeisen ETF - Solid Gold A USD;Switzerland;;;;;;;;;;
Weng Fine Art AG;Germany;;;;;;;;;;
NEXR Technologies SE;Germany;;;;;;;;;;
Deutsche Geothermische Immobilien AG;Germany;;;;;;;;;;
Carpevigo Holding AG;Germany;;;;;;;;;;
Nomura Voltage Short-term Source;Germany;;;;;;;;;;
Klepper Faltbootwerft AG;Germany;;;;;;;;;;
Nabag AG;Germany;;;;;;;;;;
DocMorris AG;Switzerland;52,07;51,25;36,57;22,75;18,99;;;;;
Lotto24 AG;Germany;;;;;;;;;;
Zug Estates Holding AG;Switzerland;45,68;30,07;;;;;;;;
Auden AG;Germany;;;;;;;;;;
Ming Le Sports AG;Germany;;;;;;;;;;
ABO Wind AG;Germany;23,61;24,13;18,45;;;;;;;
Telefonica Deutschland Holding AG;Germany;74,35;69,32;66,76;58,25;54,95;43,89;40,99;35,96;32,2;42,6
Leonteq AG;Switzerland;59,24;53,13;40,18;34,41;33,89;;;;;
European Energy Exchange AG;Germany;;;;;;;;;;
Fast Finance 24 Holding AG;Germany;;;;;;;;;;
LEG Immobilien SE;Germany;72,93;64,41;59,56;58,74;58,21;45,12;41,78;25,45;;
Amatheon Agri Holding NV;Germany;;;;;;;;;;
Osram Licht AG;Germany;81,68;83,23;83,02;77,43;71,94;66,41;60,48;40,69;;
SFS Group AG;Switzerland;45,02;42,41;40,24;39,06;32,88;;;;;
Coca Cola HBC AG;Switzerland;89,48;91,32;89,85;89,19;88,98;88,19;93,51;82,94;81;
Bionovate Technologies Corp;Switzerland;;;;;;;;;;
iShares € Corp Bond Financials UCITS ETF EUR(Dist);Germany;;;;;;;;;;
Bitcoin Group SE;Germany;;;;;;;;;;
Knorr Bremse AG;Germany;83,75;78,67;68,76;63,3;55,16;;;;;
Kion Group AG;Germany;79,49;63,14;61,29;57,42;46,32;34,17;30,05;;;
Vonovia SE;Germany;86,3;87,89;87,74;72,32;73,84;59,01;35,7;23,78;;
Deka DAX® ex Financials 30 UCITS ETF;Germany;;;;;;;;;;
Novavest Real Estate AG;Switzerland;;;;;;;;;;
Social Chain AG;Germany;;;;;;;;;;
IGP Advantag AG;Germany;;;;;;;;;;
Bastei Luebbe AG;Germany;;;;;;;;;;
Voxeljet AG;Germany;;;;;;;;;;
Cembra Money Bank AG;Switzerland;63,27;62,39;61,27;57,37;49,17;49,86;37,41;;;
UBS ETF (CH)-MSCI Switzerland (CHF) A-dis;Switzerland;;;;;;;;;;
Zalando SE;Germany;72,63;74,08;84,39;79,33;73,9;68,39;69,84;42,21;;
Wockhardt Bio AG;Switzerland;5,3;5,87;;;;;;;;
iShares Core CHF Corporate Bond ETF (CH);Switzerland;;;;;;;;;;
Raiffeisen ETF - Solid Gold Ounces A CHF;Switzerland;;;;;;;;;;
Thurgauer Kantonalbank;Switzerland;;;;;;;;;;
HIAG Immobilien Holding AG;Switzerland;31,51;30,09;21,11;;;;;;;
Deka MDAX® UCITS ETF;Germany;;;;;;;;;;
SLM Solutions Group AG;Germany;40,89;36,64;36,7;16,03;19,24;;;;;
iShares Swiss Dividend ETF (CH);Switzerland;;;;;;;;;;
iShares Core SPI® ETF (CH);Switzerland;;;;;;;;;;
Stabilus SE;Germany;62,9;49,78;44,72;37,72;;;;;;
Glarner Kantonalbank;Switzerland;;;;;;;;;;
Dr Wiesent Sozial gemeinnuetzige GmbH;Germany;;;;;;;;;;
Wizz Air Holdings PLC;Switzerland;60,36;58,82;45,76;33,12;36,52;32,99;19,86;16,45;;
Calvatis GmbH;Germany;;;;;;;;;;
Fenix Outdoor International AG;Switzerland;36,03;36,07;;;;;;;;
Affimed NV;Germany;29,87;32,42;20,44;4,45;;;;;;
Defraq Ventures AG;Germany;;;;;;;;;;
DDM Holding AG;Switzerland;17,37;18,19;18,64;7,8;;;;;;
Galenica AG;Switzerland;66,69;66,54;67,18;61,92;66,56;56,72;;;;
MPH Health Care AG;Germany;;;;;;;;;;
Rocket Internet SE;Germany;19,88;14,41;17,29;;;;;;;
Vivoryon Therapeutics NV;Germany;;;;;;;;;;
AP Alternative Portfolio AG;Switzerland;10,19;8,21;;;;;;;;
TLG Immobilien AG;Germany;28,05;29,82;;;;;;;;
UBS Group AG;Switzerland;88,8;90,52;90,18;90,83;90,92;91,38;82,62;79,85;88,44;86,15
Deka MSCI Europe ex EMU UCITS ETF;Germany;;;;;;;;;;
Zacks Earnings Small-Cap U.S. Index Fund ETF;Germany;;;;;;;;;;
Tele Columbus AG;Germany;28,95;24,05;;;;;;;;
Clean Logistics SE;Germany;;;;;;;;;;
Deka MSCI Europe ex EMU UCITS ETF;Germany;;;;;;;;;;
iQ International AG;Switzerland;;;;;;;;;;
Allane SE;Germany;29,96;30,39;24,28;23,2;23,34;;;;;
Broke Out Inc;Germany;;;;;;;;;;
Pantaflix AG;Germany;;;;;;;;;;
DG Gruppe AG;Germany;;;;;;;;;;
FCR Immobilien AG;Germany;;;;;;;;;;
Northern Data AG;Germany;;;;;;;;;;
Publity AG;Germany;;;;;;;;;;
Plazza AG;Switzerland;;;;;;;;;;
Mondo TV Suisse SA;Switzerland;;;;;;;;;;
Deka EURO STOXX 50 ESG Filtered UCITS ETF;Germany;;;;;;;;;;
Windeln.de SE;Germany;;;;;;;;;;
ROY Asset Holding SE;Germany;;;;;;;;;;
elumeo SE;Germany;;;;;;;;;;
Siltronic AG;Germany;57,32;59,98;61,52;56,98;46,44;47,96;;;;
Elbstein AG;Germany;;;;;;;;;;
SGT German Private Equity GmbH & Co KgaA;Germany;;;;;;;;;;
Deka Oekom Euro Nachhaltigkeit UCITS ETF;Germany;;;;;;;;;;
H&K AG;Germany;;;;;;;;;;
Deka EURO iSTOXX ex Fin Dividend+ UCITS ETF;Germany;;;;;;;;;;
M1 Kliniken AG;Germany;;;;;;;;;;
Covestro AG;Germany;81,13;78;76,72;74,9;73,41;68,53;66,4;52,45;;
Scout24 SE;Germany;68,19;72,38;71,46;55,01;54,53;39,75;31,84;;;
Mister Spex SE;Germany;;;;;;;;;;
Schaeffler AG;Germany;79,97;76,94;66,52;62,54;47,44;42,92;37,37;;;
HORNBACH Holding AG & Co KgaA;Germany;55,35;57,82;57,66;;;;;;;
Aves One AG;Germany;;;;;;;;;;
TME Pharma NV;Germany;;;;;;;;;;
Erlebnis Akademie AG;Germany;;;;;;;;;;
Deka Eurozone Rendite Plus 1-10 UCITS ETF;Germany;;;;;;;;;;
EDAG Engineering Group AG;Switzerland;50,64;48,9;44,67;34,54;;;;;;
Lyxor 1 DivDAX® DR UCITS ETF (I);Germany;;;;;;;;;;
Lyxor 1 MDAX ESG UCITS ETF (I);Germany;;;;;;;;;;
Deutsche Konsum REIT-AG;Germany;;;;;;;;;;
Ekotechnika AG;Germany;10,84;6,67;;;;;;;;
HelveticStar Holding AG in Liquidation;Switzerland;;;;;;;;;;
BRAIN Biotech AG;Germany;;;;;;;;;;
Geneuro SA;Switzerland;17,8;18,03;20,26;;;;;;;
VAT Group AG;Switzerland;42,17;35,46;31,4;20,62;15,87;;;;;
Wisekey International Holding AG;Switzerland;18,26;16,47;15,02;;;;;;;
Novetum AG;Germany;;;;;;;;;;
Aladdin Healthcare Technologies SE;Germany;;;;;;;;;;
Lyxor Portfolio Strategy UCITS ETF;Germany;;;;;;;;;;
graceNT AG;Switzerland;;;;;;;;;;
TalkPool AG;Switzerland;20,35;13,76;12,86;;;;;;;
Decheng Technology AG;Germany;;;;;;;;;;
Investis Holding SA;Switzerland;21,69;16,58;14,83;10,58;10,55;;;;;
Dr Bock Industries AG;Germany;;;;;;;;;;
Defama Deutsche Fachmarkt AG;Germany;;;;;;;;;;
AC Immune SA;Switzerland;37,98;34,78;;;;;;;;
Finchain Capital Partners AG;Germany;;;;;;;;;;
Uniper SE;Germany;67,43;63,5;62,89;64,93;65,31;50,03;;;;
va Q tec AG;Germany;43,18;17,68;;;;;;;;
Rubean AG;Germany;;;;;;;;;;
CRISPR Therapeutics AG;Switzerland;43,64;49,51;36,62;;;;;;;
Lyxor 1 TecDAX (DR) UCITS ETF (I);Germany;;;;;;;;;;
Trivago NV;Germany;43,68;41,26;32,24;;;;;;;
Varia US Properties AG;Switzerland;29,18;15,22;13,51;;;;;;;
ProCredit Holding AG & Co KGaA;Germany;73,29;70,59;62,34;51,77;;;;;;
Good Brands AG;Germany;;;;;;;;;;
Net Digital AG;Germany;;;;;;;;;;
Obseva SA;Switzerland;31,63;34,34;;;;;;;;
Aumann AG;Germany;34,57;25,28;22;16,97;16,13;;;;;
Symetis SA;Switzerland;;;;;;;;;;
IBU-tec advanced materials AG;Germany;;;;;;;;;;
Consus Real Estate AG;Germany;3,66;4,49;;;;;;;;
Delivery Hero SE;Germany;81,34;82,65;82,41;69,26;60,13;48,31;;;;
Tick Trading Software AG;Germany;;;;;;;;;;
Vapiano SE;Germany;;;;;;;;;;
Naga Group AG;Germany;;;;;;;;;;
Idorsia Ltd;Switzerland;78,23;74,05;75,16;51,14;51,85;;;;;
Noratis AG;Germany;;;;;;;;;;
METRO AG;Germany;72,48;72,5;68,3;55,14;52,89;56,77;;;;
Jost Werke SE;Germany;61,97;63,26;52,22;41,34;41,77;;;;;
Landis+Gyr Group AG;Switzerland;73,4;66,34;61,02;41,68;;;;;;
Voltabox AG;Germany;;;;;;;;;;
UBS Fund Management Switzerland AG;Switzerland;;;;;;;;;;
Mynaric AG;Germany;;;;;;;;;;
InflaRx NV;Germany;;;;;;;;;;
Promaxima Immobilien AG;Switzerland;;;;;;;;;;
Hellofresh SE;Germany;79,25;67,87;46,6;40,05;;;;;;
Spark Networks SE;Germany;;;;;;;;;;
Admicasa Holding AG;Switzerland;;;;;;;;;;
Philion SE;Germany;;;;;;;;;;
Stemmer Imaging AG;Germany;;;;;;;;;;
Instone Real Estate Group SE;Germany;60,37;60,8;49,56;;;;;;;
Siemens Healthineers AG;Germany;79,29;80,83;78,22;77,28;76,05;;;;;
LHI Palaimon GmbH;Germany;;;;;;;;;;
Hydrogen Fuel and EV Charge Solutions AG;Germany;;;;;;;;;;
Dermapharm Holding SE;Germany;48,43;46,75;41,03;;;;;;;
SunMirror AG;Switzerland;;;;;;;;;;
SenioResidenz AG;Switzerland;;;;;;;;;;
UniDevice AG;Germany;;;;;;;;;;
DWS Group GmbH & Co KgaA;Germany;64,16;62,29;51,61;40,54;;;;;;
Sensirion Holding AG;Switzerland;53,58;47,13;38,6;24,8;;;;;;
Asmallworld AG;Switzerland;13,04;11,43;4,26;;;;;;;
Medartis Holding AG;Switzerland;55,33;43,57;40,2;32,82;23,65;;;;;
Cyan AG;Germany;;;;;;;;;;
Serviceware SE;Germany;28,32;26,68;18,6;;;;;;;
Spexis AG;Switzerland;19,55;18,53;22,88;;;;;;;
029 Group SE;Germany;;;;;;;;;;
STS Group AG;Germany;17,28;19,64;14,5;;;;;;;
Nfon AG;Germany;;;;;;;;;;
Homes & Holiday AG;Germany;;;;;;;;;;
Capsensixx AG;Germany;;;;;;;;;;
Home24 SE;Germany;63,16;46,99;47,7;;;;;;;
Lodgyslife AG;Germany;;;;;;;;;;
Klingelnberg AG;Switzerland;18,35;18,39;15,4;;;;;;;
Marley Spoon SE;Germany;41,19;37,14;;;;;;;;
Global Blue Group Holding Ltd;Switzerland;25,94;25,62;;;;;;;;
Creditshelf AG;Germany;;;;;;;;;;
Procimmo Group AG;Switzerland;;;;;;;;;;
Traumhaus AG;Germany;;;;;;;;;;
Netfonds AG;Germany;;;;;;;;;;
Garrett Motion Inc;Switzerland;80,39;65,68;49,74;45,72;;;;;;
LHI Portunus I Genuesse-GmbH;Germany;;;;;;;;;;
SIG Group AG;Switzerland;88,76;84,46;73,48;65,58;66,15;;;;;
Traton SE;Germany;50,11;33,71;25,9;;;;;;;
Westwing Group SE;Germany;55,29;41,47;28,39;;;;;;;
Limes Schlosskliniken AG;Germany;;;;;;;;;;
DFV Deutsche Familienversicherung AG;Germany;;;;;;;;;;
Immatics NV;Germany;;;;;;;;;;
Aifinyo AG;Germany;;;;;;;;;;
PREOS Global Office Real Estate & Technology AG;Germany;;;;;;;;;;
BAL Germany AG;Germany;;;;;;;;;;
Hbi-Hyperion Se;Germany;;;;;;;;;;
RAVENO Capital AG;Germany;;;;;;;;;;
Stadler Rail AG;Switzerland;42,27;36,69;32,4;15,79;;;;;;
Medacta Group SA;Switzerland;64,52;58,17;44,4;36,04;;;;;;
Jumia Technologies AG;Germany;54,4;52,95;0,96;;;;;;;
Alcon AG;Switzerland;73,76;68,29;67,97;27,85;;;;;;
Avemio AG;Germany;;;;;;;;;;
Aluflexpack AG;Switzerland;33,38;33,33;23,83;;;;;;;
Spielvereinigung Unterhaching Fussball GmbH & Co KgaA;Germany;;;;;;;;;;
MERIDIANA Blockchain Ventures SE;Germany;;;;;;;;;;
Advanced Bitcoin Technologies AG;Germany;;;;;;;;;;
Ultima Capital SA;Switzerland;;;;;;;;;;
ADC Therapeutics SA;Switzerland;45;29,84;;;;;;;;
TeamViewer SE;Germany;64,87;70,55;69,58;44,5;;;;;;
BioNTech SE;Germany;85,48;85,23;74,19;;;;;;;
Xlife Sciences AG;Switzerland;;;;;;;;;;
Euroeyes International Eye Clinic Ltd;Germany;;;;;;;;;;
Softwareone Holding AG;Switzerland;66,92;67,9;66,62;68,47;;;;;;
Centogene NV;Germany;54,45;57,01;54,8;;;;;;;
SynBiotic SE;Germany;;;;;;;;;;
Exasol AG;Germany;;;;;;;;;;
Tion Renewables AG;Germany;;;;;;;;;;
coinIX GmbH & Co KgaA;Germany;;;;;;;;;;
Fox E-Mobility AG;Germany;;;;;;;;;;
GORE German Office Real Estate AG;Germany;;;;;;;;;;
NLS Pharmaceutics AG;Switzerland;21,9;8,54;;;;;;;;
Valuechain Se;Germany;;;;;;;;;;
PharmaSGP Holding SE;Germany;;;;;;;;;;
Ina Invest Holding AG;Switzerland;;;;;;;;;;
ETC Issuance GmbH;Germany;;;;;;;;;;
Auto.De AG;Germany;;;;;;;;;;
Achiko AG;Switzerland;;;;;;;;;;
V-ZUG Holding AG;Switzerland;57,7;55,65;44,37;;;;;;;
Brockhaus Technologies AG;Germany;;;;;;;;;;
CureVac NV;Germany;22,48;;;;;;;;;
Consulting Team Holding AG;Germany;;;;;;;;;;
Knaus Tabbert AG;Germany;57,21;61,87;;;;;;;;
VIA Optronics AG;Germany;30,27;22,55;;;;;;;;
Siemens Energy AG;Germany;73,55;77,81;79,93;;;;;;;
Hensoldt AG;Germany;76,33;74,48;65,38;;;;;;;
SIGNA Sports United NV;Germany;;;;;;;;;;
Deutsche Payment A1M SE;Germany;;;;;;;;;;
Compleo Charging Solutions AG;Germany;;;;;;;;;;
Beno Holding AG;Germany;;;;;;;;;;
MoonLake Immunotherapeutics;Switzerland;;;;;;;;;;
Convalue Se;Germany;;;;;;;;;;
123fahrschule SE;Germany;;;;;;;;;;
Fashionette AG;Germany;;;;;;;;;;
Optal-Mology AG;Germany;;;;;;;;;;
Lilium NV;Germany;;;;;;;;;;
WR Wohnraum AG;Germany;;;;;;;;;;
Nagarro SE;Germany;50,12;47,81;37,01;;;;;;;
Cogia AG;Germany;;;;;;;;;;
MYT Netherlands Parent BV;Germany;;;;;;;;;;
Impera SE;Germany;;;;;;;;;;
AUTO1 Group SE;Germany;45,78;47,37;17,41;;;;;;;
Daimler Truck Holding AG;Germany;85,43;87,02;;;;;;;;
Beaconsmind AG;Switzerland;;;;;;;;;;
International School Augsburg ISA gemeinnuetzige AG;Germany;;;;;;;;;;
Vantage Towers AG;Germany;30,21;;;;;;;;;
Friedrich Vorwerk Group SE;Germany;;;;;;;;;;
VectivBio Holding AG;Switzerland;;;;;;;;;;
Ikonia FinTech AG;Germany;;;;;;;;;;
Katek Se;Germany;56,41;;;;;;;;;
Synlab AG;Germany;;;;;;;;;;
ATAI Life Sciences NV;Germany;;;;;;;;;;
Montana Aerospace AG;Switzerland;;;;;;;;;;
Fonterelli SPAC 1 AG;Germany;;;;;;;;;;
PolyPeptide Group AG;Switzerland;54,46;25,68;25,73;;;;;;;
hGears AG;Germany;;;;;;;;;;
Linus Digital Finance AG;Germany;;;;;;;;;;
Apontis Pharma AG;Germany;;;;;;;;;;
Cannovum Cannabis AG;Germany;;;;;;;;;;
Trifork Holding AG;Switzerland;47,51;46,42;32,02;;;;;;;
Oculis Holding AG;Switzerland;;;;;;;;;;
Vitruvia Medical AG;Switzerland;;;;;;;;;;
Aurenia SE;Germany;;;;;;;;;;
Action Press AG;Germany;;;;;;;;;;
ABOUT YOU Holding SE;Germany;58,22;51,69;;;;;;;;
Cherry SE;Germany;;;;;;;;;;
Bike24 Holding AG;Germany;;;;;;;;;;
Spac One AG;Germany;;;;;;;;;;
BEBO Health SA;Switzerland;;;;;;;;;;
IDNTT SA;Switzerland;;;;;;;;;;
Terentius Se;Germany;;;;;;;;;;
Sophia Genetics SA;Switzerland;;;;;;;;;;
Aurasol AG;Switzerland;;;;;;;;;;
Dessixx AG;Germany;;;;;;;;;;
Concado Se;Germany;;;;;;;;;;
VOQUZ Labs AG;Germany;;;;;;;;;;
Tokentus Investment AG;Germany;;;;;;;;;;
Spac Two AG;Germany;;;;;;;;;;
Sportradar Group AG;Switzerland;;;;;;;;;;
On Holding AG;Switzerland;;;;;;;;;;
Astrocast SA;Switzerland;;;;;;;;;;
Vitesco Technologies Group AG;Germany;62,78;63,72;;;;;;;;
Pyrum Innovations AG;Germany;;;;;;;;;;
medmix AG;Switzerland;;;;;;;;;;
Sdm SE;Germany;;;;;;;;;;
Performance One AG;Germany;;;;;;;;;;
Veganz Group AG;Germany;;;;;;;;;;
Mainz Biomed NV;Germany;;;;;;;;;;
Sono Group NV;Germany;;;;;;;;;;
Alpha Exploration Ltd;Switzerland;;;;;;;;;;
Darwin AG;Germany;;;;;;;;;;
Guardbox Se;Germany;;;;;;;;;;
Ceritech AG;Germany;;;;;;;;;;
European Healthcare Acquisition & Growth Company BV;Germany;;;;;;;;;;
Venturio SE;Germany;;;;;;;;;;
Strategie Kapital AG;Germany;;;;;;;;;;
EAMD European AeroMarine Drones AG;Germany;;;;;;;;;;
Bitpanda Issuance GmbH;Germany;;;;;;;;;;
Deutsche Eigenheim Union AG;Germany;;;;;;;;;;
Genesis Growth Tech Acquisition Corp;Switzerland;;;;;;;;;;
Calvert International AG;Germany;;;;;;;;;;
Smart Valor AG;Switzerland;;;;;;;;;;
Vameva Se;Germany;;;;;;;;;;
Dr Ing hc F Porsche AG;Germany;;;;;;;;;;
Elaris GmbH;Germany;;;;;;;;;;
Stock3 AG;Germany;;;;;;;;;;
Digital Invest eV AG;Germany;;;;;;;;;;
Viromed Medical AG;Germany;;;;;;;;;;
Faveos Se;Germany;;;;;;;;;;
Innodio Se;Germany;;;;;;;;;;
Haute Capital Partners AG;Switzerland;;;;;;;;;;
EPIC Suisse AG;Switzerland;;;;;;;;;;
Cerdios Se;Germany;;;;;;;;;;
Patrimonium Urban Opportunity AG;Switzerland;;;;;;;;;;
Semodu AG;Germany;;;;;;;;;;
Spac Three AG;Germany;;;;;;;;;;
PflegeDigitalisierung Invest AG;Germany;;;;;;;;;;
Accelleron Industries AG;Switzerland;;;;;;;;;;
Streetex Corp;Germany;;;;;;;;;;
Cantourage Group SE;Germany;;;;;;;;;;
Vandana Se;Germany;;;;;;;;;;
Intesgo Se;Germany;;;;;;;;;;
Neon Equity AG;Germany;;;;;;;;;;
IONOS Group SE;Germany;;;;;;;;;;
Fonterelli SPAC 3 AG;Germany;;;;;;;;;;
DSM-Firmenich AG;Switzerland;;;;;;;;;;
Sealsq Corp;Switzerland;;;;;;;;;;
